  ,Class,Confidence,X,Y,Width,Height
15-09-2025 12:23,LDPE,0.830588818,313,181,37,93
15-09-2025 12:23,LDPE,0.590451419,302,185,32,100
15-09-2025 12:27,LDPE,0.407329023,607,37,54,68
15-09-2025 12:27,LDPE,0.917988658,141,406,65,70
15-09-2025 12:27,LDPE,0.491608799,71,463,143,34
15-09-2025 12:28,LDPE,0.507509708,15,217,30,50
15-09-2025 12:28,LDPE,0.449229777,62,349,124,90
15-09-2025 12:28,LDPE,0.440963745,123,467,222,26
15-09-2025 12:28,LDPE,0.872277141,36,35,73,70
15-09-2025 12:28,LDPE,0.73765254,194,137,52,33
15-09-2025 12:28,LDPE,0.678141773,29,275,24,17
15-09-2025 12:29,LDPE,0.727180958,622,424,35,24
15-09-2025 12:30,LDPE,0.849906445,53,269,104,115
15-09-2025 12:30,PETE,0.733667314,34,389,69,66
15-09-2025 12:30,LDPE,0.824936211,191,219,95,69
15-09-2025 12:30,LDPE,0.75971216,193,281,85,46
15-09-2025 12:30,LDPE,0.6737535,244,414,79,70
15-09-2025 12:30,LDPE,0.603185058,487,396,56,69
15-09-2025 12:30,LDPE,0.880743563,344,96,64,105
15-09-2025 12:30,LDPE,0.816397071,347,289,81,57
15-09-2025 12:30,LDPE,0.604649484,403,416,140,60
15-09-2025 12:30,LDPE,0.535404563,398,463,151,31
15-09-2025 12:31,PS,0.757641673,40,350,78,50
15-09-2025 12:31,LDPE,0.549737632,16,297,33,48
15-09-2025 12:31,LDPE,0.817003131,270,22,55,43
15-09-2025 12:31,LDPE,0.660787642,31,258,63,44
15-09-2025 12:34,LDPE,0.764870822,590,379,100,59
15-09-2025 12:34,LDPE,0.854735136,345,401,65,43
15-09-2025 12:34,LDPE,0.497217953,301,170,50,28
15-09-2025 12:35,LDPE,0.408024788,285,465,181,30
15-09-2025 12:36,LDPE,0.870276928,212,285,98,166
15-09-2025 12:36,LDPE,0.898944378,159,239,232,142
15-09-2025 12:37,HDPE,0.829655826,177,388,79,51
15-09-2025 12:37,LDPE,0.7279796,609,68,62,57
15-09-2025 12:37,LDPE,0.467079282,215,302,169,76
15-09-2025 12:39,LDPE,0.738023639,587,386,104,60
15-09-2025 12:39,LDPE,0.525582552,433,221,49,28
15-09-2025 12:39,LDPE,0.498332024,582,424,116,40
15-09-2025 12:39,LDPE,0.461232424,616,278,47,39
15-09-2025 12:39,LDPE,0.817775786,64,75,129,77
15-09-2025 12:39,HDPE,0.7903651,125,466,29,24
15-09-2025 12:39,LDPE,0.768432438,258,30,31,24
15-09-2025 12:39,HDPE,0.663303554,615,69,27,24
15-09-2025 12:39,LDPE,0.621662796,202,345,42,31
15-09-2025 12:39,HDPE,0.519425631,508,244,37,29
15-09-2025 12:39,LDPE,0.440923035,509,244,38,29
15-09-2025 12:39,LDPE,0.436714351,31,139,63,51
15-09-2025 12:39,LDPE,0.863596201,591,209,97,51
15-09-2025 12:39,LDPE,0.841190279,196,434,37,44
15-09-2025 12:39,LDPE,0.78694135,473,139,117,104
15-09-2025 12:39,LDPE,0.695602775,101,441,55,34
15-09-2025 12:39,LDPE,0.545747459,67,451,135,57
15-09-2025 12:39,LDPE,0.442651331,568,25,143,45
15-09-2025 12:39,LDPE,0.4282251,599,136,82,74
15-09-2025 12:39,PS,0.850313306,490,304,33,36
15-09-2025 12:39,LDPE,0.771120608,56,200,113,106
15-09-2025 12:39,LDPE,0.666295707,576,239,128,35
15-09-2025 12:39,LDPE,0.642186761,44,438,88,82
15-09-2025 12:39,LDPE,0.621968806,227,370,32,46
15-09-2025 12:39,LDPE,0.53714788,447,93,50,37
15-09-2025 12:39,LDPE,0.433493555,311,52,104,30
15-09-2025 12:39,HDPE,0.411327243,606,92,19,29
15-09-2025 12:39,PS,0.909479618,533,337,30,26
15-09-2025 12:39,LDPE,0.711510181,99,455,52,48
15-09-2025 12:39,LDPE,0.701789021,556,241,74,63
15-09-2025 12:39,LDPE,0.585056484,466,272,62,45
15-09-2025 12:39,HDPE,0.484817863,399,92,21,15
15-09-2025 12:39,LDPE,0.476317883,478,274,165,78
15-09-2025 12:39,LDPE,0.860370517,568,356,35,41
15-09-2025 12:39,HDPE,0.553616524,362,473,44,14
15-09-2025 12:39,HDPE,0.461377203,487,464,25,32
15-09-2025 12:39,LDPE,0.66451323,358,399,130,56
15-09-2025 12:39,PS,0.875846088,74,168,39,42
15-09-2025 12:39,LDPE,0.833315194,174,45,47,36
15-09-2025 12:39,HDPE,0.785622597,74,168,39,42
15-09-2025 12:39,PS,0.575833499,9,72,18,39
15-09-2025 12:39,LDPE,0.67465204,132,230,92,28
15-09-2025 12:39,LDPE,0.678353608,21,9,42,19
15-09-2025 12:40,LDPE,0.871961534,496,154,24,41
15-09-2025 12:40,LDPE,0.860515773,129,166,25,37
15-09-2025 12:40,LDPE,0.847269416,450,281,78,71
15-09-2025 12:40,LDPE,0.828437507,587,176,40,58
15-09-2025 12:40,LDPE,0.760854423,318,326,43,58
15-09-2025 12:40,LDPE,0.752834201,327,260,37,32
15-09-2025 12:40,LDPE,0.71074456,451,104,30,32
15-09-2025 12:40,LDPE,0.696905732,283,179,22,26
15-09-2025 12:40,PS,0.685237169,360,418,30,50
15-09-2025 12:40,LDPE,0.569270611,235,253,29,34
15-09-2025 12:40,LDPE,0.560630798,490,238,36,55
15-09-2025 12:40,LDPE,0.517606616,214,178,45,40
15-09-2025 12:40,LDPE,0.905471861,559,285,32,50
15-09-2025 12:40,LDPE,0.873960555,488,319,40,97
15-09-2025 12:40,LDPE,0.862149358,607,225,31,50
15-09-2025 12:40,LDPE,0.830961585,507,201,35,51
15-09-2025 12:40,LDPE,0.760189414,576,379,38,54
15-09-2025 12:40,LDPE,0.700272083,36,28,73,52
15-09-2025 12:40,LDPE,0.455309331,568,228,36,35
15-09-2025 12:47,LDPE,0.854628325,161,294,207,109
15-09-2025 12:47,LDPE,0.634470582,437,463,128,34
15-09-2025 12:47,LDPE,0.402895987,429,377,235,109
15-09-2025 12:47,LDPE,0.418185651,81,302,162,112
15-09-2025 12:47,LDPE,0.893548727,113,428,44,55
15-09-2025 12:47,LDPE,0.875722766,122,302,33,65
15-09-2025 12:47,LDPE,0.8862167,274,151,54,76
15-09-2025 12:47,PS,0.736570537,498,61,62,122
15-09-2025 12:47,LDPE,0.635938168,203,159,37,76
15-09-2025 12:47,LDPE,0.622936904,618,314,44,45
15-09-2025 12:47,LDPE,0.605814636,421,17,44,35
15-09-2025 12:47,LDPE,0.527543247,577,170,124,52
15-09-2025 12:48,LDPE,0.682011604,56,457,112,45
15-09-2025 12:48,LDPE,0.708013177,565,452,147,56
15-09-2025 12:48,LDPE,0.80252409,338,191,46,43
15-09-2025 12:48,LDPE,0.794392884,16,287,33,38
15-09-2025 12:48,LDPE,0.772555172,58,285,64,36
15-09-2025 12:48,LDPE,0.710761249,100,106,49,54
15-09-2025 12:48,LDPE,0.667554021,343,270,37,40
15-09-2025 12:48,LDPE,0.59787637,51,170,44,47
15-09-2025 12:48,LDPE,0.563570321,415,309,34,23
15-09-2025 12:48,LDPE,0.553623736,154,107,34,49
15-09-2025 12:48,LDPE,0.499845862,315,231,28,39
15-09-2025 12:48,LDPE,0.476266801,44,232,56,72
15-09-2025 12:48,LDPE,0.400531232,447,243,41,40
15-09-2025 12:48,HDPE,0.640357435,51,122,18,14
15-09-2025 12:48,HDPE,0.501333952,30,182,20,15
15-09-2025 12:48,HDPE,0.429114163,94,143,15,12
15-09-2025 12:48,LDPE,0.857097507,585,71,105,86
15-09-2025 12:48,LDPE,0.605998218,536,159,83,111
15-09-2025 12:48,LDPE,0.524043679,533,261,214,81
15-09-2025 12:50,LDPE,0.845366478,221,218,113,53
15-09-2025 12:51,LDPE,0.927899003,566,201,53,31
15-09-2025 12:51,LDPE,0.577236712,585,460,107,40
15-09-2025 12:51,LDPE,0.478204846,71,123,142,38
15-09-2025 12:51,LDPE,0.588154912,600,457,79,44
15-09-2025 12:52,LDPE,0.550502777,567,457,144,44
15-09-2025 12:52,LDPE,0.891202092,74,448,149,63
15-09-2025 12:52,LDPE,0.422967374,251,386,48,78
15-09-2025 12:52,LDPE,0.433575749,46,192,92,68
15-09-2025 12:53,LDPE,0.890820384,456,452,83,55
15-09-2025 12:53,LDPE,0.420327783,599,197,81,53
15-09-2025 12:53,LDPE,0.406146407,14,437,29,79
15-09-2025 12:54,PS,0.892750502,279,320,68,76
15-09-2025 12:54,LDPE,0.794820428,22,464,45,31
15-09-2025 12:54,LDPE,0.744866133,509,411,97,78
15-09-2025 12:54,LDPE,0.703662694,46,218,93,100
15-09-2025 12:54,LDPE,0.663936913,63,316,124,112
15-09-2025 12:54,LDPE,0.539131224,332,341,89,62
15-09-2025 12:54,LDPE,0.571733773,245,59,149,115
15-09-2025 12:54,LDPE,0.570883989,93,59,186,117
15-09-2025 12:54,LDPE,0.863619208,78,43,67,86
15-09-2025 12:54,LDPE,0.819786191,339,190,159,121
15-09-2025 12:54,LDPE,0.773892641,252,51,120,91
15-09-2025 12:54,LDPE,0.492241144,315,398,134,90
15-09-2025 12:54,LDPE,0.519634426,31,48,62,96
15-09-2025 12:54,LDPE,0.517688513,573,173,130,62
15-09-2025 12:54,LDPE,0.479920447,588,402,103,39
15-09-2025 12:54,LDPE,0.913320065,78,434,68,49
15-09-2025 12:54,LDPE,0.569953144,54,137,109,65
15-09-2025 18:13,LDPE,0.761710882,793,506,72,36
15-09-2025 18:13,LDPE,0.761130571,1049,504,58,91
15-09-2025 18:13,LDPE,0.758165777,1052,211,37,43
15-09-2025 18:13,LDPE,0.617200613,774,390,45,31
15-09-2025 18:13,LDPE,0.575517893,928,204,30,75
15-09-2025 18:13,LDPE,0.53863579,776,446,53,32
15-09-2025 18:13,LDPE,0.53161025,898,247,41,31
15-09-2025 18:13,LDPE,0.518208802,538,459,123,67
15-09-2025 18:13,LDPE,0.477122545,735,439,29,33
15-09-2025 18:13,LDPE,0.413651586,880,450,47,38
15-09-2025 18:13,LDPE,0.669747591,1052,211,37,40
15-09-2025 18:13,LDPE,0.668705463,1051,502,61,92
15-09-2025 18:13,PS,0.538563788,19,230,39,96
15-09-2025 18:13,LDPE,0.506854355,926,198,32,87
15-09-2025 18:13,PS,0.499555945,1228,186,62,77
15-09-2025 18:13,LDPE,0.426114023,1122,268,86,32
15-09-2025 18:13,LDPE,0.715762258,973,570,63,44
15-09-2025 18:13,LDPE,0.68478936,1051,501,58,92
15-09-2025 18:13,LDPE,0.644154072,914,284,46,29
15-09-2025 18:13,LDPE,0.57422334,878,236,90,37
15-09-2025 18:13,LDPE,0.565062284,950,443,53,38
15-09-2025 18:13,LDPE,0.542111039,1052,210,37,41
15-09-2025 18:13,PS,0.5348984,18,229,36,97
15-09-2025 18:13,LDPE,0.722316861,1048,503,59,93
15-09-2025 18:13,LDPE,0.635692537,827,395,68,37
15-09-2025 18:13,LDPE,0.59189415,1052,211,36,42
15-09-2025 18:13,PS,0.582133293,1224,186,51,77
15-09-2025 18:13,LDPE,0.625088274,1046,502,53,91
15-09-2025 18:13,LDPE,0.59599328,1052,211,35,42
15-09-2025 18:13,PS,0.419680774,1224,185,54,75
15-09-2025 18:14,LDPE,0.573155403,1051,210,35,43
15-09-2025 18:14,LDPE,0.530458033,1048,506,48,99
15-09-2025 18:14,PS,0.518391669,1223,185,51,77
15-09-2025 18:14,LDPE,0.811426938,592,211,103,36
15-09-2025 18:14,PS,0.671274126,1226,185,53,76
15-09-2025 18:14,LDPE,0.610869527,43,244,44,88
15-09-2025 18:14,LDPE,0.48052609,1046,509,43,102
15-09-2025 18:14,LDPE,0.419511676,448,573,63,105
15-09-2025 18:14,LDPE,0.817910612,1051,210,37,46
15-09-2025 18:14,LDPE,0.786014378,596,212,106,36
15-09-2025 18:14,LDPE,0.714535058,42,246,45,96
15-09-2025 18:14,PS,0.657566428,629,603,97,102
15-09-2025 18:14,LDPE,0.595574558,448,573,66,105
15-09-2025 18:14,LDPE,0.812141657,606,213,106,37
15-09-2025 18:14,LDPE,0.794390738,81,647,117,141
15-09-2025 18:14,PS,0.725458145,453,573,70,107
15-09-2025 18:14,PS,0.703151703,638,608,91,103
15-09-2025 18:14,LDPE,0.62532866,1052,210,37,45
15-09-2025 18:14,LDPE,0.460429609,97,292,187,203
15-09-2025 18:14,PS,0.887074172,633,615,92,104
15-09-2025 18:14,LDPE,0.776913464,615,218,119,36
15-09-2025 18:14,LDPE,0.768843889,1052,212,36,46
15-09-2025 18:14,PS,0.709584475,452,576,72,106
15-09-2025 18:14,LDPE,0.500226498,98,302,185,218
15-09-2025 18:14,PS,0.84890908,620,602,102,102
15-09-2025 18:14,LDPE,0.699173987,1052,212,35,47
15-09-2025 18:14,LDPE,0.69792968,83,643,119,150
15-09-2025 18:14,LDPE,0.55112201,790,418,49,125
15-09-2025 18:14,LDPE,0.52994585,600,213,100,35
15-09-2025 18:14,LDPE,0.454024255,96,288,189,189
15-09-2025 18:14,LDPE,0.787438571,96,292,188,195
15-09-2025 18:14,LDPE,0.715017855,1052,211,38,47
15-09-2025 18:14,LDPE,0.557023942,85,602,125,183
15-09-2025 18:14,LDPE,0.765011966,1052,211,39,45
15-09-2025 18:14,LDPE,0.46089381,44,259,45,105
15-09-2025 18:14,LDPE,0.422760963,94,293,188,192
15-09-2025 18:14,LDPE,0.640801609,787,445,45,119
15-09-2025 18:14,LDPE,0.63016963,1052,212,36,47
15-09-2025 18:14,LDPE,0.593215346,96,297,187,195
15-09-2025 18:14,LDPE,0.509836018,769,563,59,113
15-09-2025 18:14,LDPE,0.898806214,745,558,108,141
15-09-2025 18:14,PS,0.782962143,513,634,98,101
15-09-2025 18:14,LDPE,0.587875366,346,684,107,72
15-09-2025 18:14,LDPE,0.557022333,1052,215,36,53
15-09-2025 18:14,LDPE,0.854827106,1053,212,38,46
15-09-2025 18:14,LDPE,0.766997933,620,565,92,99
15-09-2025 18:14,LDPE,0.64363724,1121,269,90,30
15-09-2025 18:14,LDPE,0.582883596,94,297,187,201
15-09-2025 18:14,LDPE,0.570062816,392,676,187,87
15-09-2025 18:14,PS,0.817639053,645,498,150,76
15-09-2025 18:14,LDPE,0.80629766,521,461,158,73
15-09-2025 18:14,LDPE,0.759400547,1052,211,38,47
15-09-2025 18:14,LDPE,0.70429045,754,385,32,93
15-09-2025 18:14,LDPE,0.673020124,567,569,99,104
15-09-2025 18:14,LDPE,0.627237618,96,288,187,180
15-09-2025 18:14,LDPE,0.532539904,406,681,228,78
15-09-2025 18:14,PS,0.914440513,540,597,105,99
15-09-2025 18:14,LDPE,0.799248397,1052,211,37,47
15-09-2025 18:14,PS,0.670334041,603,520,202,82
15-09-2025 18:14,LDPE,0.65096122,95,283,186,176
15-09-2025 18:15,PS,0.932865798,619,611,104,102
15-09-2025 18:15,LDPE,0.713440955,1052,211,37,46
15-09-2025 18:15,LDPE,0.705239117,384,680,183,79
15-09-2025 18:15,PS,0.647764802,442,575,65,108
15-09-2025 18:15,LDPE,0.608245134,94,291,183,177
15-09-2025 18:15,LDPE,0.499202609,785,419,42,131
15-09-2025 18:15,PS,0.852253377,630,618,109,104
15-09-2025 18:15,LDPE,0.740684271,385,680,185,80
15-09-2025 18:15,LDPE,0.728858769,1052,213,37,48
15-09-2025 18:15,PS,0.726412952,446,577,73,109
15-09-2025 18:15,PS,0.842728853,640,646,112,112
15-09-2025 18:15,LDPE,0.821256161,383,681,181,78
15-09-2025 18:15,LDPE,0.702400267,1052,211,37,47
15-09-2025 18:15,LDPE,0.628197253,101,290,167,173
15-09-2025 18:15,PS,0.47846055,433,491,93,127
15-09-2025 18:15,PS,0.926849902,589,614,118,100
15-09-2025 18:15,PS,0.802278638,657,535,159,82
15-09-2025 18:15,LDPE,0.67550689,1052,213,38,48
15-09-2025 18:15,LDPE,0.654277265,375,684,157,72
15-09-2025 18:15,LDPE,0.535554111,107,286,149,167
15-09-2025 18:15,PS,0.436186969,779,559,102,165
15-09-2025 18:15,LDPE,0.730979204,375,686,166,67
15-09-2025 18:15,PS,0.709829509,566,617,108,98
15-09-2025 18:15,PS,0.574804068,635,539,174,77
15-09-2025 18:15,LDPE,0.494877756,755,424,42,130
15-09-2025 18:15,LDPE,0.426881373,85,597,130,192
15-09-2025 18:15,LDPE,0.413518786,1052,213,39,47
15-09-2025 18:15,PS,0.893869221,437,586,74,107
15-09-2025 18:15,PS,0.881253481,617,619,107,105
15-09-2025 18:15,LDPE,0.745560646,375,680,168,80
15-09-2025 18:15,LDPE,0.528375149,108,294,159,173
15-09-2025 18:15,LDPE,0.843244851,551,566,103,97
15-09-2025 18:15,LDPE,0.719249606,365,683,151,73
15-09-2025 18:15,LDPE,0.565356374,563,238,120,73
15-09-2025 18:15,LDPE,0.437829375,1052,212,38,48
15-09-2025 18:15,PS,0.864578545,557,606,115,100
15-09-2025 18:15,PS,0.815650403,631,528,164,83
15-09-2025 18:15,LDPE,0.720356703,403,685,222,70
15-09-2025 18:15,LDPE,0.625296652,1052,213,39,47
15-09-2025 18:15,PS,0.786239982,616,609,107,103
15-09-2025 18:15,LDPE,0.777285218,385,682,178,75
15-09-2025 18:15,PS,0.678035736,443,585,68,105
15-09-2025 18:15,LDPE,0.644966424,1053,212,38,47
15-09-2025 18:15,LDPE,0.584209383,97,287,172,168
15-09-2025 18:15,LDPE,0.53138262,781,600,77,76
15-09-2025 18:15,LDPE,0.521242857,611,609,113,103
15-09-2025 18:15,PS,0.488205135,683,539,120,74
15-09-2025 18:15,LDPE,0.460900784,781,420,43,113
15-09-2025 18:15,PS,0.896709025,675,521,130,76
15-09-2025 18:15,LDPE,0.669595897,1052,213,39,48
15-09-2025 18:15,LDPE,0.659332812,419,682,246,76
15-09-2025 18:15,LDPE,0.574942648,97,294,166,174
15-09-2025 18:15,LDPE,0.458465695,565,612,188,144
15-09-2025 18:15,LDPE,0.421811402,71,615,139,208
15-09-2025 18:15,LDPE,0.618065357,416,679,236,81
15-09-2025 18:15,LDPE,0.490938485,114,457,157,211
15-09-2025 18:15,PS,0.488999724,682,515,128,80
15-09-2025 18:15,LDPE,0.483597636,115,295,125,174
15-09-2025 18:15,LDPE,0.480344415,562,613,190,146
15-09-2025 18:15,LDPE,0.424896181,1052,213,37,48
15-09-2025 18:15,PS,0.706763148,1053,211,40,48
15-09-2025 18:15,LDPE,0.657373607,414,681,237,77
15-09-2025 18:15,LDPE,0.484446883,778,557,96,158
15-09-2025 18:15,PS,0.430944324,595,601,99,99
15-09-2025 18:15,PS,0.857100666,719,650,112,117
15-09-2025 18:15,LDPE,0.822442055,421,683,211,73
15-09-2025 18:15,LDPE,0.628408313,1051,212,39,47
15-09-2025 18:15,LDPE,0.541692257,99,292,178,168
15-09-2025 18:15,LDPE,0.531849384,80,596,135,192
15-09-2025 18:15,LDPE,0.424447834,886,309,141,153
15-09-2025 18:16,LDPE,0.826929867,418,683,191,74
15-09-2025 18:16,PS,0.760866761,710,673,116,93
15-09-2025 18:16,LDPE,0.579931796,1052,212,39,45
15-09-2025 18:16,PS,0.565152466,942,686,132,66
15-09-2025 18:16,LDPE,0.496328056,707,673,122,94
15-09-2025 18:16,PS,0.831886649,788,574,93,124
15-09-2025 18:16,LDPE,0.818805933,370,685,141,70
15-09-2025 18:16,LDPE,0.632036567,103,291,157,172
15-09-2025 18:16,PS,0.488256931,536,665,178,109
15-09-2025 18:16,LDPE,0.453549087,75,590,138,196
15-09-2025 18:16,LDPE,0.452344596,1052,213,37,48
15-09-2025 18:16,PS,0.855054855,568,659,111,113
15-09-2025 18:16,LDPE,0.749897063,372,685,142,69
15-09-2025 18:16,PS,0.561913848,770,567,61,137
15-09-2025 18:16,LDPE,0.527771473,1053,212,38,47
15-09-2025 18:16,LDPE,0.419746578,82,593,132,191
15-09-2025 18:16,LDPE,0.416118145,118,294,124,174
15-09-2025 18:24,LDPE,0.868609011,115,447,154,166
15-09-2025 18:24,LDPE,0.793058038,670,600,102,101
15-09-2025 18:24,LDPE,0.76192379,80,629,111,115
15-09-2025 18:24,LDPE,0.760286331,443,675,277,89
15-09-2025 18:24,LDPE,0.693966329,115,300,141,156
15-09-2025 18:24,LDPE,0.856314182,418,682,217,75
15-09-2025 18:24,LDPE,0.849139094,115,440,151,171
15-09-2025 18:24,LDPE,0.694365621,81,611,114,154
15-09-2025 18:24,HDPE,0.644573569,927,447,91,198
15-09-2025 18:24,LDPE,0.532035172,108,298,148,165
15-09-2025 18:24,PS,0.518769562,751,674,165,92
15-09-2025 18:24,LDPE,0.408759773,1052,212,39,48
15-09-2025 18:25,LDPE,0.824684799,114,439,151,167
15-09-2025 18:25,LDPE,0.76830411,413,680,193,79
15-09-2025 18:25,LDPE,0.722426474,82,610,114,156
15-09-2025 18:25,LDPE,0.847361505,115,444,150,168
15-09-2025 18:25,LDPE,0.777724206,80,636,111,117
15-09-2025 18:25,LDPE,0.776184857,476,653,239,133
15-09-2025 18:25,LDPE,0.747103274,643,570,141,95
15-09-2025 18:25,LDPE,0.640277565,653,253,274,134
15-09-2025 18:25,LDPE,0.822702408,447,656,194,128
15-09-2025 18:25,LDPE,0.714375913,104,299,167,180
15-09-2025 18:25,LDPE,0.690158308,599,669,126,101
15-09-2025 18:25,LDPE,0.576392055,82,638,114,114
15-09-2025 18:25,LDPE,0.410260975,1051,217,38,50
15-09-2025 18:25,LDPE,0.885341585,82,633,115,110
15-09-2025 18:25,LDPE,0.884387672,612,496,94,92
15-09-2025 18:25,LDPE,0.739210904,97,308,186,212
15-09-2025 18:25,LDPE,0.534461021,402,654,231,132
15-09-2025 18:25,LDPE,0.50586009,1051,214,38,47
15-09-2025 18:25,LDPE,0.444818854,775,443,51,105
15-09-2025 18:25,LDPE,0.773476958,1051,215,39,46
15-09-2025 18:25,LDPE,0.749017239,97,304,184,210
15-09-2025 18:25,LDPE,0.728323758,407,655,232,129
15-09-2025 18:25,LDPE,0.692504525,845,634,292,170
15-09-2025 18:25,PS,0.636716127,617,513,99,88
15-09-2025 18:25,LDPE,0.574300468,694,442,139,91
15-09-2025 18:25,LDPE,0.573125303,82,603,130,184
15-09-2025 18:25,LDPE,0.808377743,616,529,99,89
15-09-2025 18:25,LDPE,0.776865959,405,656,229,128
15-09-2025 18:25,LDPE,0.70747304,97,303,186,209
15-09-2025 18:25,LDPE,0.692188025,1051,213,37,47
15-09-2025 18:25,LDPE,0.453190863,73,614,132,197
15-09-2025 18:25,LDPE,0.410309732,768,441,43,104
15-09-2025 18:25,LDPE,0.757748365,109,293,159,179
15-09-2025 18:25,LDPE,0.703002453,408,660,232,119
15-09-2025 18:25,LDPE,0.631483555,1052,215,38,50
15-09-2025 18:25,LDPE,0.509542406,82,633,125,163
15-09-2025 18:25,PS,0.836057186,605,588,88,84
15-09-2025 18:25,LDPE,0.770206392,98,292,183,177
15-09-2025 18:25,LDPE,0.745923102,82,644,113,111
15-09-2025 18:25,LDPE,0.700235665,1051,214,37,47
15-09-2025 18:25,LDPE,0.457482755,402,659,226,120
15-09-2025 18:25,LDPE,0.812889576,81,654,116,127
15-09-2025 18:25,PS,0.749229312,630,589,94,77
15-09-2025 18:25,LDPE,0.692831278,95,296,180,183
15-09-2025 18:25,LDPE,0.639620662,1051,216,37,48
15-09-2025 18:25,LDPE,0.474083185,117,437,138,177
15-09-2025 18:25,LDPE,0.443242311,427,655,247,130
15-09-2025 18:25,LDPE,0.759902239,422,661,194,117
15-09-2025 18:25,LDPE,0.717149556,100,294,166,175
15-09-2025 18:25,LDPE,0.622408271,600,682,138,76
15-09-2025 18:25,LDPE,0.617194772,80,646,113,97
15-09-2025 18:25,LDPE,0.483833909,1052,217,38,50
15-09-2025 18:25,LDPE,0.668882191,434,658,230,121
15-09-2025 18:25,LDPE,0.660869598,105,295,158,173
15-09-2025 18:25,LDPE,0.518242359,81,618,118,149
15-09-2025 18:25,LDPE,0.430989325,1052,217,38,49
15-09-2025 18:25,LDPE,0.425610721,596,686,147,67
15-09-2025 18:25,LDPE,0.83506608,430,665,215,110
15-09-2025 18:25,LDPE,0.736899436,84,644,108,85
15-09-2025 18:25,LDPE,0.711701572,117,304,139,174
15-09-2025 18:25,LDPE,0.610979259,113,460,154,203
16-09-2025 09:46,LDPE,0.521146417,469,450,91,55
16-09-2025 09:46,LDPE,0.625595808,615,438,50,34
16-09-2025 09:46,LDPE,0.4468714,471,449,83,58
16-09-2025 09:48,LDPE,0.512913465,606,434,65,89
16-09-2025 09:59,LDPE,0.665928781,86,431,171,97
16-09-2025 10:07,LDPE,0.509555221,59,113,118,35
16-09-2025 10:10,LDPE,0.524392664,366,328,71,25
16-09-2025 10:10,LDPE,0.487976491,328,329,176,62
16-09-2025 10:10,LDPE,0.664608538,59,298,57,38
16-09-2025 10:10,LDPE,0.529857337,47,326,94,101
16-09-2025 10:10,LDPE,0.460368514,27,8,55,17
16-09-2025 10:10,LDPE,0.867255807,297,324,38,20
16-09-2025 10:11,LDPE,0.415719151,296,277,44,20
16-09-2025 10:11,LDPE,0.778934538,78,57,155,108
16-09-2025 10:11,LDPE,0.8794958,85,47,168,79
16-09-2025 10:11,LDPE,0.754396975,101,52,203,102
16-09-2025 10:11,LDPE,0.513098836,615,474,50,12
16-09-2025 10:11,LDPE,0.73027122,94,46,188,93
16-09-2025 10:11,LDPE,0.730769932,79,28,157,56
16-09-2025 10:11,LDPE,0.617145658,95,43,191,80
16-09-2025 10:11,LDPE,0.754507959,72,30,144,61
16-09-2025 10:11,LDPE,0.694592834,97,54,194,98
16-09-2025 10:11,LDPE,0.570789099,74,40,149,78
16-09-2025 10:12,LDPE,0.514875531,104,53,208,104
16-09-2025 10:12,LDPE,0.665904462,99,59,199,109
16-09-2025 10:12,LDPE,0.714508533,111,86,222,131
16-09-2025 10:12,LDPE,0.682253897,587,197,105,57
16-09-2025 10:12,LDPE,0.541517019,43,117,86,83
16-09-2025 10:12,LDPE,0.452218056,581,153,118,36
16-09-2025 10:12,LDPE,0.76316762,80,81,158,136
16-09-2025 10:12,LDPE,0.637757301,167,25,40,50
16-09-2025 10:12,LDPE,0.610749602,39,36,77,32
16-09-2025 10:12,LDPE,0.489617765,91,28,181,56
16-09-2025 10:12,LDPE,0.418707967,101,59,202,118
16-09-2025 10:12,LDPE,0.765603304,96,65,192,117
16-09-2025 10:12,LDPE,0.762979746,30,97,61,88
16-09-2025 10:12,LDPE,0.522604048,595,19,89,39
16-09-2025 10:12,LDPE,0.442233264,279,272,59,30
16-09-2025 10:13,LDPE,0.809384525,450,381,160,83
16-09-2025 10:13,LDPE,0.532581508,422,459,172,42
16-09-2025 10:13,LDPE,0.719633639,54,287,108,39
16-09-2025 10:13,LDPE,0.628049672,267,59,124,52
16-09-2025 10:13,LDPE,0.566101909,49,61,99,82
16-09-2025 10:13,LDPE,0.542392671,451,73,175,93
16-09-2025 10:13,LDPE,0.736236393,157,57,67,26
16-09-2025 10:13,LDPE,0.681332886,159,23,127,40
16-09-2025 10:13,LDPE,0.583390892,142,110,103,32
16-09-2025 10:13,LDPE,0.750745058,36,28,72,38
16-09-2025 10:13,LDPE,0.657447159,136,27,133,55
16-09-2025 10:13,LDPE,0.617675781,48,57,97,32
16-09-2025 10:13,LDPE,0.780185103,78,109,97,90
16-09-2025 10:13,LDPE,0.516201496,222,29,41,58
16-09-2025 10:13,LDPE,0.499495983,43,162,84,38
16-09-2025 10:13,LDPE,0.469394028,57,34,115,69
16-09-2025 10:14,LDPE,0.583000481,256,20,104,41
16-09-2025 10:14,LDPE,0.740078807,237,20,38,41
16-09-2025 10:14,LDPE,0.590199471,81,92,162,113
16-09-2025 10:14,LDPE,0.585792065,88,108,177,123
16-09-2025 10:14,LDPE,0.574702263,287,16,44,32
16-09-2025 10:14,LDPE,0.531876326,284,312,202,85
16-09-2025 10:14,LDPE,0.433096051,555,107,168,115
16-09-2025 10:14,LDPE,0.640418172,73,463,146,33
16-09-2025 10:14,LDPE,0.525106668,284,222,64,29
16-09-2025 10:14,LDPE,0.411464512,285,226,76,30
16-09-2025 10:14,LDPE,0.812535167,116,455,152,49
16-09-2025 10:14,LDPE,0.436057568,80,391,161,36
16-09-2025 10:14,LDPE,0.57216233,262,217,35,20
16-09-2025 10:15,LDPE,0.473754227,111,109,98,26
16-09-2025 10:16,LDPE,0.441516519,52,190,105,61
16-09-2025 10:16,LDPE,0.402706087,45,195,90,70
16-09-2025 10:16,LDPE,0.436942756,284,471,119,17
16-09-2025 10:16,LDPE,0.699968338,44,188,89,67
16-09-2025 10:16,LDPE,0.436869562,91,77,182,148
16-09-2025 10:16,LDPE,0.464927673,71,377,143,111
16-09-2025 10:16,LDPE,0.56536305,59,96,114,34
16-09-2025 10:18,LDPE,0.745100617,558,461,162,37
16-09-2025 10:18,LDPE,0.929668188,570,153,39,33
16-09-2025 10:18,LDPE,0.585400939,79,56,158,49
16-09-2025 10:18,LDPE,0.524286091,142,401,34,23
16-09-2025 10:18,LDPE,0.486896515,95,25,191,33
16-09-2025 10:18,LDPE,0.430393636,67,89,135,35
16-09-2025 10:18,LDPE,0.400793552,629,67,22,42
16-09-2025 10:18,LDPE,0.753002942,619,183,39,25
16-09-2025 10:18,LDPE,0.640419781,239,453,32,26
16-09-2025 10:18,LDPE,0.519128025,76,408,31,28
16-09-2025 10:18,LDPE,0.933782995,600,201,45,30
16-09-2025 10:18,LDPE,0.789095998,214,466,35,23
16-09-2025 10:18,LDPE,0.499088287,64,98,128,95
16-09-2025 10:18,LDPE,0.846305728,217,459,34,19
16-09-2025 10:18,LDPE,0.839657187,599,201,44,30
16-09-2025 10:18,LDPE,0.585777581,61,122,123,84
16-09-2025 10:18,LDPE,0.518093169,29,184,58,41
16-09-2025 10:18,LDPE,0.881220937,598,203,38,29
16-09-2025 10:18,LDPE,0.800093412,217,461,34,20
16-09-2025 10:18,LDPE,0.5807935,67,162,134,83
16-09-2025 10:18,LDPE,0.868513405,215,460,32,20
16-09-2025 10:18,LDPE,0.748174071,599,204,41,31
16-09-2025 10:18,LDPE,0.870198131,613,226,50,28
16-09-2025 10:18,LDPE,0.561922014,66,112,132,40
16-09-2025 10:18,LDPE,0.824406147,605,218,54,32
16-09-2025 10:18,LDPE,0.769206405,216,467,37,23
16-09-2025 10:18,LDPE,0.514037013,59,187,119,100
16-09-2025 10:18,LDPE,0.474261165,67,130,134,40
16-09-2025 10:18,LDPE,0.813906968,615,197,43,29
16-09-2025 10:18,LDPE,0.706462801,213,466,35,20
16-09-2025 10:18,LDPE,0.505869865,61,157,122,97
16-09-2025 10:18,LDPE,0.74369061,213,459,32,19
16-09-2025 10:18,LDPE,0.666160345,67,155,134,36
16-09-2025 10:18,LDPE,0.429384887,54,191,109,42
16-09-2025 10:19,LDPE,0.732125044,214,461,33,19
16-09-2025 10:19,LDPE,0.60798502,619,194,40,28
16-09-2025 10:19,LDPE,0.837826073,215,463,36,18
16-09-2025 10:19,LDPE,0.70716995,619,192,37,27
16-09-2025 10:19,LDPE,0.659939587,72,61,145,43
16-09-2025 10:19,LDPE,0.735868573,619,196,39,26
16-09-2025 10:19,LDPE,0.631872296,212,465,38,21
16-09-2025 10:19,LDPE,0.48500669,72,23,144,26
16-09-2025 10:19,LDPE,0.498034239,214,461,32,18
16-09-2025 10:19,LDPE,0.77721715,210,459,35,21
16-09-2025 10:19,LDPE,0.696597815,213,466,35,23
16-09-2025 10:19,LDPE,0.510275722,61,118,123,43
16-09-2025 10:19,LDPE,0.661248386,216,468,34,22
16-09-2025 10:19,LDPE,0.459606469,60,91,121,100
16-09-2025 10:19,LDPE,0.460218847,181,469,100,22
16-09-2025 10:19,LDPE,0.834708452,213,461,33,19
16-09-2025 10:19,LDPE,0.731651604,619,188,39,30
16-09-2025 10:19,LDPE,0.747908413,214,462,33,20
16-09-2025 10:19,LDPE,0.726730227,616,188,40,29
16-09-2025 10:19,LDPE,0.553878605,65,134,130,95
16-09-2025 10:19,LDPE,0.784746706,617,176,38,29
16-09-2025 10:19,LDPE,0.663134634,216,469,39,22
16-09-2025 10:19,LDPE,0.555430114,60,160,120,73
16-09-2025 10:19,LDPE,0.837507665,616,174,42,29
16-09-2025 10:19,LDPE,0.707889616,213,466,35,20
16-09-2025 10:19,LDPE,0.464708507,63,121,126,113
16-09-2025 10:20,LDPE,0.742358446,212,466,36,19
16-09-2025 10:20,LDPE,0.558198094,617,172,38,30
16-09-2025 10:20,LDPE,0.451772213,611,170,43,32
16-09-2025 10:20,LDPE,0.653493047,212,464,35,21
16-09-2025 10:20,LDPE,0.434485435,617,169,45,31
16-09-2025 10:20,LDPE,0.853722394,615,168,43,28
16-09-2025 10:20,LDPE,0.757280648,214,464,34,21
16-09-2025 10:20,LDPE,0.4129498,71,110,142,32
16-09-2025 10:20,LDPE,0.803220093,612,168,45,33
16-09-2025 10:20,LDPE,0.728069067,213,466,38,21
16-09-2025 10:20,LDPE,0.654356599,617,170,42,29
16-09-2025 10:20,LDPE,0.648550451,214,465,32,21
16-09-2025 10:20,LDPE,0.590538263,75,134,150,35
16-09-2025 10:20,LDPE,0.55026257,215,470,36,20
16-09-2025 10:20,LDPE,0.662440062,607,147,39,28
16-09-2025 10:20,LDPE,0.544880152,55,163,110,38
16-09-2025 10:20,LDPE,0.49191165,214,468,33,22
16-09-2025 10:20,LDPE,0.453263879,63,124,126,91
16-09-2025 10:20,LDPE,0.413967788,55,203,110,85
16-09-2025 10:20,LDPE,0.664413989,211,464,31,20
16-09-2025 10:20,LDPE,0.494066536,613,148,38,25
16-09-2025 10:20,LDPE,0.730253637,610,142,39,27
16-09-2025 10:20,LDPE,0.53678447,58,160,116,105
16-09-2025 10:20,LDPE,0.830565453,611,141,42,28
16-09-2025 10:20,LDPE,0.716624439,61,170,122,103
16-09-2025 10:20,LDPE,0.44663018,213,463,34,20
16-09-2025 10:20,LDPE,0.614990294,609,141,35,31
16-09-2025 10:20,LDPE,0.560328543,213,466,35,26
16-09-2025 10:20,LDPE,0.589000642,211,466,35,23
16-09-2025 10:20,LDPE,0.471230268,616,144,48,31
16-09-2025 10:20,LDPE,0.56262809,612,144,37,27
16-09-2025 10:20,LDPE,0.446357191,52,128,104,43
16-09-2025 10:20,LDPE,0.843878746,609,137,41,26
16-09-2025 10:20,LDPE,0.796518207,212,465,34,20
16-09-2025 10:21,LDPE,0.84518075,607,138,41,25
16-09-2025 10:21,LDPE,0.643000722,213,464,32,23
16-09-2025 14:27,LDPE,0.597243428,613,325,53,40
16-09-2025 14:29,LDPE,0.53310585,263,395,117,35
16-09-2025 14:30,LDPE,0.40189296,98,202,196,157
16-09-2025 14:30,LDPE,0.738958836,75,147,151,101
16-09-2025 14:30,LDPE,0.523610532,18,453,36,27
16-09-2025 14:30,LDPE,0.506992936,72,394,144,33
16-09-2025 14:30,LDPE,0.533167899,85,396,168,35
16-09-2025 14:30,LDPE,0.740034997,47,81,95,51
16-09-2025 14:30,LDPE,0.649872601,55,135,111,60
16-09-2025 14:30,LDPE,0.513175309,64,216,128,124
16-09-2025 14:31,LDPE,0.526027024,47,377,95,103
16-09-2025 14:31,LDPE,0.523131549,86,95,172,44
16-09-2025 14:31,LDPE,0.475573838,45,228,91,104
16-09-2025 14:31,LDPE,0.437686086,50,228,101,95
16-09-2025 14:32,LDPE,0.563217998,46,204,91,35
16-09-2025 14:32,LDPE,0.406659245,64,403,129,60
16-09-2025 14:33,LDPE,0.459654808,98,357,196,145
16-09-2025 14:41,LDPE,0.448645175,142,231,43,20
16-09-2025 14:41,LDPE,0.607643485,149,228,47,23
16-09-2025 14:42,LDPE,0.515498459,147,230,44,22
16-09-2025 14:42,LDPE,0.773332417,94,231,53,23
16-09-2025 14:42,LDPE,0.816617846,23,255,47,50
16-09-2025 14:42,LDPE,0.637888491,84,170,169,144
16-09-2025 14:42,LDPE,0.598492563,623,204,33,37
16-09-2025 14:42,LDPE,0.439765453,84,213,169,141
16-09-2025 20:01,LDPE,0.879355729,359,673,163,93
16-09-2025 20:01,LDPE,0.648458004,392,573,58,105
16-09-2025 20:02,LDPE,0.893448353,358,673,163,94
16-09-2025 20:02,LDPE,0.687728405,395,573,60,108
16-09-2025 20:02,LDPE,0.489041805,893,673,117,93
16-09-2025 20:02,LDPE,0.855652094,37,359,74,112
16-09-2025 20:02,LDPE,0.75361383,86,257,173,129
16-09-2025 20:02,LDPE,0.524843216,950,199,122,210
16-09-2025 20:02,LDPE,0.876942933,67,159,128,136
16-09-2025 20:02,LDPE,0.674617112,67,154,133,134
16-09-2025 20:02,LDPE,0.414300621,22,392,45,158
16-09-2025 20:02,LDPE,0.45004499,20,215,41,87
16-09-2025 20:02,LDPE,0.401474595,668,434,60,121
16-09-2025 20:02,LDPE,0.797863662,703,277,68,113
16-09-2025 20:02,LDPE,0.76068002,367,706,152,28
16-09-2025 20:02,LDPE,0.687090874,57,258,112,108
16-09-2025 20:02,LDPE,0.584781528,741,706,247,28
16-09-2025 20:02,LDPE,0.819371819,702,280,65,118
16-09-2025 20:02,LDPE,0.660112023,364,707,149,26
16-09-2025 20:02,LDPE,0.54363507,762,708,213,24
16-09-2025 20:02,LDPE,0.491881371,19,217,39,86
16-09-2025 20:02,LDPE,0.827749848,702,285,69,123
16-09-2025 20:02,LDPE,0.537343085,480,251,160,115
16-09-2025 20:02,LDPE,0.503394663,782,710,177,19
16-09-2025 20:02,LDPE,0.488293529,365,708,150,24
16-09-2025 20:02,LDPE,0.441906095,19,221,39,88
17-09-2025 01:20,LDPE,0.503966153,36,274,72,49
17-09-2025 01:20,LDPE,0.543221354,35,298,70,103
17-09-2025 01:21,PETE,0.420899093,445,8,60,17
17-09-2025 01:33,LDPE,0.558097482,13,310,27,87
17-09-2025 01:35,LDPE,0.783426702,466,220,49,38
17-09-2025 01:35,LDPE,0.890195429,95,418,191,124
17-09-2025 01:35,LDPE,0.799981058,483,404,135,151
17-09-2025 01:35,LDPE,0.484717131,92,319,140,73
17-09-2025 01:35,LDPE,0.768626213,519,454,118,52
17-09-2025 01:35,LDPE,0.737264395,20,392,40,63
17-09-2025 01:35,LDPE,0.728518844,131,454,122,52
17-09-2025 01:35,LDPE,0.603597105,42,440,79,23
17-09-2025 01:35,LDPE,0.865522683,501,395,142,165
17-09-2025 01:35,LDPE,0.798464537,113,418,150,123
17-09-2025 01:35,LDPE,0.598599255,461,337,105,118
17-09-2025 01:35,LDPE,0.87175262,97,426,115,107
17-09-2025 01:35,LDPE,0.846596479,500,395,128,166
17-09-2025 01:35,LDPE,0.408937573,90,339,69,64
17-09-2025 01:35,LDPE,0.495108902,628,371,23,64
17-09-2025 01:35,PETE,0.517476022,623,369,34,70
17-09-2025 01:35,LDPE,0.904553533,514,417,150,125
17-09-2025 01:38,HDPE,0.453140974,580,16,113,33
17-09-2025 01:38,LDPE,0.69006139,21,174,38,24
17-09-2025 01:38,LDPE,0.486238599,343,176,18,19
17-09-2025 01:38,LDPE,0.491893291,493,149,33,26
17-09-2025 01:38,LDPE,0.476805389,460,149,26,25
17-09-2025 01:39,LDPE,0.853970706,99,228,162,128
17-09-2025 01:39,LDPE,0.670989096,62,100,124,81
17-09-2025 01:39,LDPE,0.578872025,92,30,90,59
17-09-2025 01:42,LDPE,0.767953098,66,224,132,150
17-09-2025 01:42,LDPE,0.70238483,61,427,122,104
17-09-2025 01:42,LDPE,0.78758657,70,204,140,117
17-09-2025 01:42,LDPE,0.74133569,65,433,131,89
17-09-2025 01:42,LDPE,0.702607751,71,281,142,90
17-09-2025 01:42,LDPE,0.526839793,44,91,88,80
17-09-2025 01:42,LDPE,0.437573075,88,76,176,141
17-09-2025 01:42,LDPE,0.42368865,111,424,222,110
17-09-2025 01:42,LDPE,0.552072585,112,429,225,101
17-09-2025 01:42,LDPE,0.7062006,591,225,95,99
17-09-2025 01:42,LDPE,0.573788464,578,461,121,37
17-09-2025 01:42,LDPE,0.535810888,88,76,176,125
17-09-2025 01:42,LDPE,0.40193361,112,426,224,106
17-09-2025 01:42,LDPE,0.733679354,589,229,99,103
17-09-2025 01:42,LDPE,0.65450871,577,460,123,40
17-09-2025 01:42,LDPE,0.650423706,87,87,175,145
17-09-2025 01:42,LDPE,0.571136355,594,226,91,95
17-09-2025 01:42,LDPE,0.457073808,17,70,34,43
17-09-2025 01:42,LDPE,0.406396151,85,130,170,145
17-09-2025 01:42,LDPE,0.493027329,17,80,35,49
17-09-2025 01:42,LDPE,0.582528293,19,76,38,52
17-09-2025 01:42,LDPE,0.664940298,589,230,102,65
17-09-2025 01:42,LDPE,0.460845828,89,87,178,158
17-09-2025 01:43,LDPE,0.732683539,592,227,94,98
17-09-2025 01:43,LDPE,0.661207139,583,345,111,94
17-09-2025 01:43,LDPE,0.609051466,317,350,138,122
17-09-2025 01:43,LDPE,0.514523447,118,269,237,136
17-09-2025 01:43,LDPE,0.546097517,19,76,39,45
17-09-2025 01:43,LDPE,0.486524284,109,122,125,61
17-09-2025 01:43,LDPE,0.444237709,112,458,224,43
17-09-2025 01:43,LDPE,0.688363969,576,462,125,36
17-09-2025 01:43,LDPE,0.49215275,88,76,177,130
17-09-2025 01:43,LDPE,0.490710258,593,238,91,105
17-09-2025 01:43,LDPE,0.411866188,88,92,176,139
17-09-2025 01:43,LDPE,0.410173357,580,458,116,43
17-09-2025 01:43,LDPE,0.615460813,118,101,114,48
17-09-2025 01:43,LDPE,0.602892518,21,75,43,46
17-09-2025 01:43,LDPE,0.511164129,113,425,226,110
17-09-2025 01:43,LDPE,0.550081909,118,269,237,130
17-09-2025 01:43,LDPE,0.537480474,88,91,176,142
17-09-2025 01:43,LDPE,0.605620265,86,111,173,113
17-09-2025 01:43,LDPE,0.713697076,591,242,94,98
17-09-2025 01:43,LDPE,0.401122808,316,369,127,87
17-09-2025 01:43,LDPE,0.738556087,315,393,129,70
17-09-2025 01:43,LDPE,0.483665943,112,426,224,105
17-09-2025 01:43,LDPE,0.453497469,89,91,178,170
17-09-2025 01:43,LDPE,0.40443027,18,93,36,60
17-09-2025 01:43,LDPE,0.569318175,591,221,96,103
17-09-2025 01:43,LDPE,0.561815321,575,452,128,55
17-09-2025 01:43,LDPE,0.453417242,112,426,224,106
17-09-2025 01:43,LDPE,0.452381313,117,115,123,67
17-09-2025 01:43,LDPE,0.704093695,314,368,133,101
17-09-2025 01:43,LDPE,0.52819562,118,247,236,127
17-09-2025 01:43,LDPE,0.41403091,577,462,122,35
17-09-2025 01:44,LDPE,0.624869108,48,183,97,82
17-09-2025 01:45,LDPE,0.811136663,312,445,146,70
17-09-2025 01:45,LDPE,0.662448525,557,169,47,26
17-09-2025 01:45,LDPE,0.69892931,77,335,155,130
17-09-2025 01:45,LDPE,0.630780101,237,228,235,95
17-09-2025 01:45,LDPE,0.785842061,193,216,160,105
17-09-2025 01:45,LDPE,0.412893295,216,218,212,106
17-09-2025 01:45,LDPE,0.530117154,251,217,276,103
17-09-2025 01:46,LDPE,0.670932591,208,208,180,125
17-09-2025 01:46,LDPE,0.885641456,174,229,120,82
17-09-2025 01:46,LDPE,0.652050495,190,217,154,106
17-09-2025 01:46,LDPE,0.767009079,182,222,138,92
17-09-2025 01:46,LDPE,0.841839731,188,214,140,96
17-09-2025 01:46,HDPE,0.585548103,48,4,16,9
17-09-2025 01:46,LDPE,0.657558739,202,214,164,100
17-09-2025 01:46,HDPE,0.618161619,9,212,18,11
17-09-2025 01:46,HDPE,0.633524299,9,213,18,14
17-09-2025 01:47,LDPE,0.796761274,167,243,88,53
17-09-2025 01:47,HDPE,0.606662989,9,214,17,12
17-09-2025 01:47,LDPE,0.450982213,164,241,82,49
17-09-2025 01:47,HDPE,0.43306762,9,213,19,15
17-09-2025 01:47,HDPE,0.499796391,8,213,17,13
17-09-2025 01:47,LDPE,0.480885565,52,11,12,13
17-09-2025 01:47,LDPE,0.814780831,152,251,77,43
17-09-2025 01:47,LDPE,0.630071521,98,156,194,128
17-09-2025 01:47,LDPE,0.883176684,50,186,101,104
17-09-2025 01:47,LDPE,0.870855808,143,247,37,35
17-09-2025 01:47,LDPE,0.64559406,199,446,99,67
17-09-2025 01:47,LDPE,0.541653216,17,372,35,35
17-09-2025 01:47,LDPE,0.515599906,47,326,94,134
17-09-2025 01:47,HDPE,0.495170295,469,292,20,15
17-09-2025 01:48,LDPE,0.756798089,288,24,22,18
17-09-2025 01:48,LDPE,0.736753643,564,22,25,20
17-09-2025 01:48,LDPE,0.677290022,420,23,21,19
17-09-2025 01:48,LDPE,0.646862268,54,23,32,18
17-09-2025 01:48,LDPE,0.602756441,331,19,25,27
17-09-2025 01:48,LDPE,0.595522881,545,24,26,15
17-09-2025 01:48,LDPE,0.5882231,178,25,22,16
17-09-2025 01:48,LDPE,0.586987197,264,16,21,31
17-09-2025 01:48,LDPE,0.581796467,118,23,22,20
17-09-2025 01:48,LDPE,0.537950099,499,18,19,30
17-09-2025 01:48,LDPE,0.525345087,357,23,22,19
17-09-2025 01:48,LDPE,0.492685378,451,20,19,25
17-09-2025 01:48,LDPE,0.485821247,527,25,17,16
17-09-2025 01:48,LDPE,0.485248566,478,21,23,24
17-09-2025 01:48,LDPE,0.462414265,311,23,20,20
17-09-2025 01:48,LDPE,0.443751812,17,17,32,32
17-09-2025 01:48,HDPE,0.719979286,613,23,44,18
17-09-2025 01:48,HDPE,0.521509945,230,18,68,32
17-09-2025 01:48,HDPE,0.468443215,399,24,41,19
17-09-2025 01:48,HDPE,0.503245294,39,17,75,35
17-09-2025 02:04,HDPE,0.494755685,22,393,18,12
17-09-2025 02:04,LDPE,0.532170534,612,203,56,45
17-09-2025 02:04,LDPE,0.744193435,615,245,50,44
17-09-2025 02:04,LDPE,0.750609219,614,245,52,46
17-09-2025 02:04,LDPE,0.849084556,617,239,46,41
17-09-2025 02:05,HDPE,0.859734118,615,243,49,43
17-09-2025 02:05,LDPE,0.606373787,574,456,123,38
17-09-2025 02:05,LDPE,0.569072425,569,412,140,119
17-09-2025 02:05,LDPE,0.430760622,619,248,42,45
17-09-2025 02:05,LDPE,0.673598588,617,245,45,43
17-09-2025 02:05,LDPE,0.887895703,616,245,48,43
17-09-2025 02:05,LDPE,0.858808458,617,246,46,50
17-09-2025 02:05,LDPE,0.883093834,616,242,47,41
17-09-2025 02:05,LDPE,0.811202347,614,244,46,43
17-09-2025 02:06,LDPE,0.498096704,618,247,44,43
17-09-2025 02:06,LDPE,0.844566464,616,246,48,45
17-09-2025 02:06,LDPE,0.842134356,616,246,48,43
17-09-2025 02:06,LDPE,0.632166624,617,250,46,44
17-09-2025 02:06,HDPE,0.867395699,616,243,47,42
17-09-2025 02:06,LDPE,0.751060545,615,244,50,41
17-09-2025 02:06,LDPE,0.462294281,613,244,53,41
17-09-2025 02:06,LDPE,0.682701945,251,134,52,40
17-09-2025 02:07,LDPE,0.890141785,257,109,47,39
17-09-2025 02:07,LDPE,0.720268309,255,118,55,41
17-09-2025 02:07,LDPE,0.683286667,452,198,97,93
17-09-2025 02:07,LDPE,0.448406637,231,23,157,42
17-09-2025 02:07,LDPE,0.905136108,374,147,74,78
17-09-2025 02:07,LDPE,0.883418322,470,166,146,135
17-09-2025 02:07,LDPE,0.553205729,575,215,130,48
17-09-2025 02:07,LDPE,0.469407797,587,178,105,34
17-09-2025 02:07,LDPE,0.429593742,113,30,110,45
17-09-2025 02:07,LDPE,0.429365516,624,128,31,37
17-09-2025 02:07,LDPE,0.840466499,529,257,65,61
17-09-2025 02:07,LDPE,0.833799541,618,265,44,128
17-09-2025 02:07,LDPE,0.477612734,612,118,56,38
17-09-2025 02:07,LDPE,0.789028645,252,131,143,84
17-09-2025 02:07,LDPE,0.603353024,298,18,59,37
17-09-2025 02:07,LDPE,0.402099431,88,78,176,145
17-09-2025 02:07,LDPE,0.800554991,303,17,62,35
17-09-2025 02:07,LDPE,0.63726151,372,201,126,70
17-09-2025 02:07,LDPE,0.794310153,390,206,114,72
17-09-2025 02:07,LDPE,0.734440684,321,24,52,48
17-09-2025 02:07,LDPE,0.499247432,277,65,142,128
17-09-2025 02:07,LDPE,0.877506971,271,145,133,70
17-09-2025 02:07,LDPE,0.563493729,314,23,57,46
17-09-2025 02:07,LDPE,0.401333213,620,135,37,55
17-09-2025 02:07,LDPE,0.461373925,356,169,125,60
17-09-2025 02:07,LDPE,0.41669023,241,40,155,77
17-09-2025 02:07,HDPE,0.416629136,622,122,36,24
17-09-2025 02:07,LDPE,0.402512193,240,111,143,70
17-09-2025 02:07,LDPE,0.768563092,296,21,55,40
17-09-2025 02:07,LDPE,0.704041481,249,128,145,87
17-09-2025 02:07,LDPE,0.565188706,86,80,173,155
17-09-2025 02:07,LDPE,0.47704643,356,207,109,63
17-09-2025 02:07,LDPE,0.417580724,429,27,163,37
17-09-2025 02:08,LDPE,0.889321268,218,63,141,124
17-09-2025 02:08,LDPE,0.704068184,346,151,157,74
17-09-2025 02:08,LDPE,0.6265769,67,41,135,80
17-09-2025 02:08,LDPE,0.799858212,319,25,55,48
17-09-2025 02:08,LDPE,0.679089367,385,210,126,76
17-09-2025 02:08,LDPE,0.640899599,276,137,140,89
17-09-2025 02:08,LDPE,0.417766213,238,5,74,10
17-09-2025 02:08,LDPE,0.468707263,554,19,171,39
17-09-2025 02:08,LDPE,0.654170394,622,120,36,29
17-09-2025 02:08,LDPE,0.72505039,621,120,38,31
17-09-2025 02:08,HDPE,0.439963043,622,119,35,29
17-09-2025 02:08,LDPE,0.478007436,621,120,38,30
17-09-2025 02:08,LDPE,0.454800487,612,171,55,32
17-09-2025 02:08,LDPE,0.789336145,205,118,56,44
17-09-2025 02:09,LDPE,0.71147722,71,44,142,79
17-09-2025 02:09,LDPE,0.454024017,617,186,46,67
17-09-2025 02:09,LDPE,0.48296231,187,6,60,13
17-09-2025 02:09,LDPE,0.713374555,567,362,142,84
17-09-2025 02:11,LDPE,0.634916306,26,364,52,81
17-09-2025 02:11,LDPE,0.718214214,78,453,157,52
17-09-2025 02:12,LDPE,0.577233791,66,132,133,112
17-09-2025 02:12,LDPE,0.688924968,82,37,165,74
17-09-2025 02:12,LDPE,0.533620238,39,34,79,30
17-09-2025 02:13,LDPE,0.752375245,68,36,136,68
17-09-2025 02:13,LDPE,0.405876994,54,33,109,52
17-09-2025 02:13,LDPE,0.401564777,50,30,101,61
17-09-2025 02:14,LDPE,0.763971567,69,221,139,116
17-09-2025 02:14,LDPE,0.671200275,563,143,151,119
17-09-2025 02:14,LDPE,0.595298588,551,37,172,70
17-09-2025 02:14,LDPE,0.443501472,582,291,115,41
17-09-2025 02:14,LDPE,0.747398436,63,54,127,91
17-09-2025 02:14,LDPE,0.559182465,68,97,137,126
17-09-2025 02:14,LDPE,0.475427449,93,462,187,36
17-09-2025 02:15,LDPE,0.426686525,459,403,30,40
17-09-2025 02:16,LDPE,0.516613781,444,450,198,59
17-09-2025 02:16,LDPE,0.507934272,582,248,116,41
17-09-2025 02:17,LDPE,0.413476408,34,7,69,15
17-09-2025 02:19,HDPE,0.508661091,269,26,35,28
17-09-2025 02:19,HDPE,0.499660134,15,26,31,29
2025-09-17 11:16:36,HDPE,0.577440083026886,68,652,104,135
2025-09-17 11:16:36,LDPE,0.5533324480056763,321,432,60,169
2025-09-17 11:16:36,PS,0.45197033882141113,417,665,42,79
2025-09-17 11:16:44,HDPE,0.8572888374328613,163,654,95,129
2025-09-17 11:16:44,HDPE,0.7978286147117615,393,680,79,80
2025-09-17 11:16:44,LDPE,0.5780712962150574,928,660,92,117
2025-09-17 11:16:44,PS,0.43462496995925903,507,439,42,67
2025-09-17 11:16:56,LDPE,0.8126585483551025,138,656,97,124
2025-09-17 11:16:56,LDPE,0.7723664045333862,917,657,98,123
2025-09-17 11:16:56,LDPE,0.6545673608779907,42,662,85,115
2025-09-17 11:16:56,LDPE,0.5599897503852844,797,358,183,149
2025-09-17 11:17:49,HDPE,0.4517456889152527,25,210,32,12
2025-09-17 11:18:11,HDPE,0.7618327736854553,114,198,28,19
2025-09-17 11:18:11,HDPE,0.5245340466499329,90,199,16,20
2025-09-19 08:52:41,PS,0.4098232388496399,483,642,145,147,291.99
2025-09-19 08:52:41,PS_count,1,,,,,
2025-09-19 08:52:46,PS,0.6195555925369263,484,641,145,149,293.97
2025-09-19 08:52:46,LDPE,0.6040709614753723,1136,701,103,37,123.47
2025-09-19 08:52:46,HDPE,0.4759102463722229,588,559,34,13,42.05
2025-09-19 08:52:46,LDPE,0.4753972291946411,137,225,124,114,237.79
2025-09-19 08:52:46,PS_count,1,,,,,
2025-09-19 08:52:46,LDPE_count,2,,,,,
2025-09-19 08:52:46,HDPE_count,1,,,,,
2025-09-19 08:52:50,PS,0.7323615550994873,800,687,80,65,144.22
2025-09-19 08:52:50,PS,0.7001669406890869,1128,540,98,66,160.85
2025-09-19 08:52:50,LDPE,0.5993855595588684,1153,637,207,164,368.5
2025-09-19 08:52:50,PS,0.512411892414093,1146,636,200,165,363.32
2025-09-19 08:52:50,LDPE,0.42200154066085815,411,175,95,174,257.14
2025-09-19 08:52:50,PS_count,3,,,,,
2025-09-19 08:52:50,LDPE_count,2,,,,,
2025-09-19 08:52:53,LDPE,0.48275166749954224,253,377,56,96,146.64
2025-09-19 08:52:53,HDPE,0.4507591128349304,858,686,52,39,90.07
2025-09-19 08:52:53,PS,0.44251346588134766,626,555,98,41,126.78
2025-09-19 08:52:53,PS,0.42978936433792114,691,613,59,67,125.75
2025-09-19 08:52:53,LDPE_count,1,,,,,
2025-09-19 08:52:53,HDPE_count,1,,,,,
2025-09-19 08:52:53,PS_count,2,,,,,
2025-09-19 08:52:58,LDPE,0.8746486902236938,250,384,69,72,140.97
2025-09-19 08:52:58,PS,0.7540897727012634,624,647,148,143,290.96
2025-09-19 08:52:58,LDPE,0.6071314811706543,860,685,53,38,89.76
2025-09-19 08:52:58,LDPE_count,2,,,,,
2025-09-19 08:52:58,PS_count,1,,,,,
2025-09-19 08:53:02,PS,0.8614456057548523,770,686,89,67,154.44
2025-09-19 08:53:02,PS,0.8467729687690735,652,679,113,82,192.52
2025-09-19 08:53:02,PS,0.8318998217582703,1223,692,107,56,154.82
2025-09-19 08:53:02,LDPE,0.7868785262107849,253,381,72,69,140.97
2025-09-19 08:53:02,HDPE,0.6372400522232056,945,657,85,95,179.72
2025-09-19 08:53:02,PS_count,3,,,,,
2025-09-19 08:53:02,LDPE_count,1,,,,,
2025-09-19 08:53:02,HDPE_count,1,,,,,
2025-09-19 08:53:05,PS,0.8717971444129944,683,670,157,99,249.34
2025-09-19 08:53:05,PS,0.8644583821296692,1204,690,116,59,165.46
2025-09-19 08:53:05,HDPE,0.8426305055618286,964,658,101,90,190.68
2025-09-19 08:53:05,PS,0.7562224268913269,1206,563,144,183,324.67
2025-09-19 08:53:05,PS,0.6925625801086426,678,602,93,48,133.63
2025-09-19 08:53:05,PS,0.6654811501502991,837,677,140,81,212.98
2025-09-19 08:53:05,PS,0.5848752856254578,777,536,260,121,354.74
2025-09-19 08:53:05,PS_count,6,,,,,
2025-09-19 08:53:05,HDPE_count,1,,,,,
2025-09-19 08:53:08,PS,0.8931881785392761,682,615,72,67,138.91
2025-09-19 08:53:08,PS,0.7230062484741211,599,660,132,119,250.66
2025-09-19 08:53:08,PS,0.6309023499488831,1251,687,55,63,117.73
2025-09-19 08:53:08,PS,0.46381860971450806,688,686,49,68,115.45
2025-09-19 08:53:08,PS,0.43481212854385376,612,557,108,44,137.87
2025-09-19 08:53:08,PS_count,5,,,,,
2025-09-19 08:53:12,PS,0.9013351202011108,605,657,137,125,261.73
2025-09-19 08:53:12,PS,0.6073998212814331,695,645,80,94,173.44
2025-09-19 08:53:12,PS,0.5949494242668152,618,572,115,44,142.27
2025-09-19 08:53:12,PS,0.5236029028892517,1246,515,66,177,216.17
2025-09-19 08:53:12,PS,0.46401870250701904,771,693,87,53,135.81
2025-09-19 08:53:12,PS,0.4471725821495056,1258,672,43,96,128.5
2025-09-19 08:53:12,PS_count,6,,,,,
2025-09-19 08:53:15,PS,0.8957759141921997,630,641,120,138,257.37
2025-09-19 08:53:15,PS,0.8388231992721558,647,553,103,43,133.1
2025-09-19 08:53:15,LDPE,0.6332968473434448,857,684,49,45,93.91
2025-09-19 08:53:15,PS_count,2,,,,,
2025-09-19 08:53:15,LDPE_count,1,,,,,
2025-09-19 08:53:17,PS,0.7689703106880188,651,594,63,61,123.98
2025-09-19 08:53:17,PS,0.7019286155700684,605,540,87,44,123.74
2025-09-19 08:53:17,PS,0.601593554019928,666,485,236,253,488.7
2025-09-19 08:53:17,PS_count,3,,,,,
2025-09-19 08:53:20,PS,0.9162449240684509,665,597,67,60,126.81
2025-09-19 08:53:20,PS,0.8190029859542847,615,539,84,41,117.37
2025-09-19 08:53:20,PS,0.6346203088760376,672,464,226,202,427.33
2025-09-19 08:53:20,PS_count,3,,,,,
2025-09-19 08:53:23,PS,0.842669665813446,679,596,68,64,131.94
2025-09-19 08:53:23,PS,0.7562603950500488,625,537,88,40,118.66
2025-09-19 08:53:23,LDPE,0.44854825735092163,856,684,46,43,88.95
2025-09-19 08:53:23,PS_count,2,,,,,
2025-09-19 08:53:23,LDPE_count,1,,,,,
2025-09-19 08:53:25,PS,0.8544861674308777,661,598,70,66,135.94
2025-09-19 08:53:25,PS,0.47982215881347656,605,540,88,42,121.59
2025-09-19 08:53:25,PS,0.4582720398902893,669,489,225,261,484.66
2025-09-19 08:53:25,PS_count,3,,,,,
2025-09-19 08:53:28,PS,0.8675342202186584,637,606,62,63,125.0
2025-09-19 08:53:28,PS,0.8506013751029968,585,545,94,41,124.16
2025-09-19 08:53:28,PS,0.7664179801940918,702,599,114,59,164.02
2025-09-19 08:53:28,PS,0.5526689887046814,652,454,262,193,449.74
2025-09-19 08:53:28,PS_count,4,,,,,
2025-09-19 08:53:31,PS,0.8811796307563782,583,554,91,44,126.55
2025-09-19 08:53:31,PS,0.8468409776687622,706,604,121,60,170.41
2025-09-19 08:53:31,LDPE,0.4934743642807007,585,648,111,143,251.98
2025-09-19 08:53:31,PS_count,2,,,,,
2025-09-19 08:53:31,LDPE_count,1,,,,,
2025-09-19 08:53:33,PS,0.8521420359611511,591,646,101,142,239.52
2025-09-19 08:53:33,PS,0.4153516888618469,1200,606,157,227,377.57
2025-09-19 08:53:33,PS_count,2,,,,,
2025-09-19 08:53:36,PS,0.5878016948699951,559,587,106,80,184.17
2025-09-19 08:53:36,PS,0.554530918598175,1247,574,64,252,253.99
2025-09-19 08:53:36,PS,0.5124397873878479,644,535,278,190,459.65
2025-09-19 08:53:36,PS_count,3,,,,,
2025-09-19 08:53:39,PS,0.8726588487625122,665,650,74,134,199.16
2025-09-19 08:53:39,PS,0.8604165315628052,736,612,124,69,185.0
2025-09-19 08:53:39,PS,0.6273208856582642,608,558,99,44,132.0
2025-09-19 08:53:39,LDPE,0.5054259300231934,860,684,50,41,90.55
2025-09-19 08:53:39,PS,0.4626859426498413,1255,631,47,125,153.3
2025-09-19 08:53:39,PS,0.43349260091781616,735,563,112,48,146.64
2025-09-19 08:53:39,PS_count,5,,,,,
2025-09-19 08:53:39,LDPE_count,1,,,,,
2025-09-19 08:53:42,PS,0.9224917888641357,733,620,115,62,168.88
2025-09-19 08:53:42,PS,0.8512981534004211,658,643,74,95,167.69
2025-09-19 08:53:42,PS,0.5021755695343018,595,564,105,43,134.39
2025-09-19 08:53:42,PS,0.41990506649017334,1253,631,53,175,192.61
2025-09-19 08:53:42,PS_count,4,,,,,
2025-09-19 08:53:45,PS,0.8424102067947388,587,558,116,53,156.82
2025-09-19 08:53:45,PS,0.6866422295570374,596,650,153,137,289.56
2025-09-19 08:53:45,PS_count,2,,,,,
2025-09-19 08:53:50,PS,0.8543499708175659,587,557,109,45,140.07
2025-09-19 08:53:50,PS,0.5912382006645203,643,644,94,116,208.84
2025-09-19 08:53:50,PS_count,2,,,,,
2025-09-19 08:53:53,PS,0.7312829494476318,581,556,96,47,134.34
2025-09-19 08:53:53,PS,0.7051904201507568,642,617,84,73,156.61
2025-09-19 08:53:53,PS,0.4568145275115967,713,611,128,63,179.6
2025-09-19 08:53:53,PS_count,3,,,,,
2025-09-19 08:53:55,PS,0.8582761883735657,608,602,68,72,139.94
2025-09-19 08:53:55,PS,0.8573541641235352,677,591,123,64,177.45
2025-09-19 08:53:55,PS,0.5777482986450195,1245,551,68,209,238.43
2025-09-19 08:53:55,PS_count,3,,,,,
2025-09-19 08:53:58,PS,0.5374454259872437,617,611,64,65,129.0
2025-09-19 08:53:58,PS,0.5310723185539246,697,601,123,57,167.46
2025-09-19 08:53:58,PS,0.4799092411994934,573,545,93,43,126.48
2025-09-19 08:53:58,PS_count,3,,,,,
2025-09-19 08:54:01,PS,0.7991880774497986,620,602,70,68,137.99
2025-09-19 08:54:01,PS,0.5677321553230286,694,588,120,63,173.9
2025-09-19 08:54:01,PS_count,2,,,,,
2025-09-19 08:54:03,PS,0.7615251541137695,623,599,67,67,134.0
2025-09-19 08:54:03,PS,0.5703845024108887,697,585,109,63,165.73
2025-09-19 08:54:03,PS,0.4281168580055237,1267,684,24,71,82.56
2025-09-19 08:54:03,PS_count,3,,,,,
2025-09-19 08:54:09,HDPE,0.5196517705917358,563,558,62,43,103.27
2025-09-19 08:54:09,PS,0.49295830726623535,1266,678,25,84,91.65
2025-09-19 08:54:09,HDPE_count,1,,,,,
2025-09-19 08:54:09,PS_count,1,,,,,
2025-09-19 08:54:12,PS,0.891633927822113,726,615,123,62,174.65
2025-09-19 08:54:12,PS,0.746332585811615,594,567,102,47,138.48
2025-09-19 08:54:12,PS,0.6806254386901855,1245,687,68,66,133.99
2025-09-19 08:54:12,PS,0.6714341044425964,647,654,94,121,213.3
2025-09-19 08:54:12,LDPE,0.5311765074729919,599,652,119,135,253.5
2025-09-19 08:54:12,PS_count,4,,,,,
2025-09-19 08:54:12,LDPE_count,1,,,,,
2025-09-19 08:54:15,PS,0.6868276596069336,631,542,100,39,124.9
2025-09-19 08:54:15,PS,0.6470453143119812,685,608,74,53,125.25
2025-09-19 08:54:15,PS,0.6303403377532959,1163,688,38,64,98.63
2025-09-19 08:54:15,PS_count,3,,,,,
2025-09-19 08:54:17,PS,0.7298282384872437,645,598,68,63,130.9
2025-09-19 08:54:17,PS_count,1,,,,,
2025-09-19 08:54:21,PS,0.8265035152435303,688,582,113,61,166.05
2025-09-19 08:54:21,HDPE,0.6535258293151855,539,559,64,45,107.33
2025-09-19 08:54:21,PS_count,1,,,,,
2025-09-19 08:54:21,HDPE_count,1,,,,,
2025-09-19 08:54:24,PS,0.8209732174873352,522,618,107,132,237.69
2025-09-19 08:54:24,PS_count,1,,,,,
2025-09-19 08:54:27,PS,0.5755448937416077,591,473,191,112,292.52
2025-09-19 08:54:27,HDPE,0.421772301197052,494,553,49,35,82.83
2025-09-19 08:54:27,PS_count,1,,,,,
2025-09-19 08:54:27,HDPE_count,1,,,,,
2025-09-19 08:54:30,PS,0.8282310366630554,557,634,111,167,272.3
2025-09-19 08:54:30,LDPE,0.6053746938705444,1014,669,200,101,284.25
2025-09-19 08:54:30,PS,0.5849395990371704,556,542,87,39,116.5
2025-09-19 08:54:30,LDPE,0.5764802694320679,924,598,83,104,185.82
2025-09-19 08:54:30,PS,0.4107075333595276,1215,706,125,28,118.32
2025-09-19 08:54:30,PS_count,3,,,,,
2025-09-19 08:54:30,LDPE_count,2,,,,,
2025-09-19 08:54:32,LDPE,0.6724201440811157,925,639,121,159,277.41
2025-09-19 08:54:32,PS,0.4635854959487915,901,507,137,134,270.98
2025-09-19 08:54:32,PS,0.408194899559021,526,645,92,145,231.0
2025-09-19 08:54:32,LDPE_count,1,,,,,
2025-09-19 08:54:32,PS_count,2,,,,,
2025-09-19 08:54:35,PS,0.8774892091751099,1122,570,123,88,208.08
2025-09-19 08:54:35,PS,0.8231938481330872,542,638,107,160,261.69
2025-09-19 08:54:35,PS,0.7746629118919373,1012,542,122,56,165.31
2025-09-19 08:54:35,PS,0.7558802366256714,553,544,89,39,117.83
2025-09-19 08:54:35,PS,0.6859161853790283,1122,513,141,56,177.72
2025-09-19 08:54:35,PS,0.6395314931869507,989,512,171,150,320.31
2025-09-19 08:54:35,PS,0.46625757217407227,611,600,58,55,112.96
2025-09-19 08:54:35,PS_count,7,,,,,
2025-09-19 08:54:38,PS,0.8431997299194336,774,681,84,77,160.85
2025-09-19 08:54:38,PS,0.5716069340705872,659,674,166,91,245.81
2025-09-19 08:54:38,PS,0.48301446437835693,1262,655,35,58,90.11
2025-09-19 08:54:38,PS_count,3,,,,,
2025-09-19 08:54:41,PS,0.8926581740379333,769,677,79,86,164.85
2025-09-19 08:54:41,PS,0.5457570552825928,664,669,185,102,274.74
2025-09-19 08:54:41,PS,0.4368301033973694,1244,534,71,77,147.88
2025-09-19 08:54:41,PS_count,3,,,,,
2025-09-19 08:54:44,PS,0.8884435892105103,758,675,88,89,177.0
2025-09-19 08:54:44,PS,0.8379902243614197,662,667,179,106,275.49
2025-09-19 08:54:44,PS,0.46935540437698364,679,594,126,41,143.75
2025-09-19 08:54:44,PS_count,3,,,,,
2025-09-19 08:54:47,PS,0.8353974223136902,756,619,75,70,144.91
2025-09-19 08:54:47,PS,0.8178502321243286,661,651,148,135,282.7
2025-09-19 08:54:47,PS,0.4548826813697815,708,551,126,45,150.6
2025-09-19 08:54:47,PS_count,3,,,,,
2025-09-19 08:54:50,PS,0.8681386113166809,662,656,174,127,297.31
2025-09-19 08:54:50,PS,0.6553875207901001,1232,574,93,79,171.43
2025-09-19 08:54:50,LDPE,0.5747945308685303,1187,667,184,106,279.31
2025-09-19 08:54:50,PS,0.5663708448410034,692,563,107,42,134.07
2025-09-19 08:54:50,PS_count,3,,,,,
2025-09-19 08:54:50,LDPE_count,1,,,,,
2025-09-19 08:54:53,PS,0.8745492100715637,661,661,161,118,275.67
2025-09-19 08:54:53,PS,0.8644231557846069,767,666,76,105,178.66
2025-09-19 08:54:53,PS,0.8037158250808716,1052,626,122,79,196.35
2025-09-19 08:54:53,PS,0.7475911378860474,1200,587,142,97,234.73
2025-09-19 08:54:53,PS_count,4,,,,,
2025-09-19 08:54:55,PS,0.8776918053627014,708,608,120,64,175.27
2025-09-19 08:54:55,PS,0.8246258497238159,636,623,79,78,157.0
2025-09-19 08:54:55,PS,0.4895947575569153,662,469,274,241,513.94
2025-09-19 08:54:55,PS_count,3,,,,,
2025-09-19 08:54:58,PS,0.7404739260673523,727,501,231,140,359.67
2025-09-19 08:54:58,PS,0.6086347103118896,1211,611,69,84,152.26
2025-09-19 08:54:58,PS,0.5795431137084961,1240,689,77,62,138.19
2025-09-19 08:54:58,PS_count,3,,,,,
2025-09-19 08:55:01,HDPE,0.46075183153152466,1226,565,59,28,81.29
2025-09-19 08:55:01,LDPE,0.43849313259124756,1117,649,111,135,244.83
2025-09-19 08:55:01,HDPE_count,1,,,,,
2025-09-19 08:55:01,LDPE_count,1,,,,,
2025-09-19 08:55:04,PS,0.8068076372146606,1160,598,128,68,186.59
2025-09-19 08:55:04,PS,0.6065216660499573,1086,558,78,60,136.82
2025-09-19 08:55:04,PS_count,2,,,,,
2025-09-19 08:55:07,PS,0.8223627805709839,599,538,83,37,110.83
2025-09-19 08:55:07,PS,0.6424968838691711,661,594,52,55,106.96
2025-09-19 08:55:07,PS_count,2,,,,,
2025-09-19 08:55:10,PS,0.8927168250083923,656,661,183,116,291.4
2025-09-19 08:55:10,PS,0.7743886709213257,1210,687,134,65,186.65
2025-09-19 08:55:10,PS,0.5608194470405579,1244,540,71,76,146.91
2025-09-19 08:55:10,PS_count,3,,,,,
2025-09-19 08:55:12,PS,0.864298403263092,637,648,149,142,290.92
2025-09-19 08:55:12,PS,0.6543899774551392,656,561,108,40,131.45
2025-09-19 08:55:12,PS,0.5713154077529907,1267,540,24,66,79.6
2025-09-19 08:55:12,PS_count,3,,,,,
2025-09-19 08:55:15,LDPE,0.7876871228218079,838,633,68,136,192.33
2025-09-19 08:55:15,PS,0.7762419581413269,752,614,111,58,160.47
2025-09-19 08:55:15,PS,0.7687286138534546,627,653,141,131,271.82
2025-09-19 08:55:15,PS,0.7682915329933167,1211,645,136,148,283.75
2025-09-19 08:55:15,PS,0.6929855942726135,637,559,106,40,130.23
2025-09-19 08:55:15,PS,0.6714964509010315,1256,538,45,73,114.63
2025-09-19 08:55:15,PETE,0.4370725154876709,335,636,65,166,207.75
2025-09-19 08:55:15,PS,0.40169328451156616,755,565,105,42,132.82
2025-09-19 08:55:15,LDPE_count,1,,,,,
2025-09-19 08:55:15,PS_count,6,,,,,
2025-09-19 08:55:15,PETE_count,1,,,,,
2025-09-19 08:55:18,PS,0.7430580258369446,633,650,162,138,299.04
2025-09-19 08:55:18,PS,0.5583792328834534,636,555,86,41,118.76
2025-09-19 08:55:18,PS,0.5193684697151184,1221,648,115,141,254.68
2025-09-19 08:55:18,PS_count,3,,,,,
2025-09-19 08:55:21,PS,0.899053692817688,563,642,122,152,272.35
2025-09-19 08:55:21,PS,0.743316113948822,580,547,106,42,133.45
2025-09-19 08:55:21,LDPE,0.6827787756919861,1119,610,54,85,135.5
2025-09-19 08:55:21,PS,0.601666271686554,1217,693,126,54,164.97
2025-09-19 08:55:21,PS_count,3,,,,,
2025-09-19 08:55:21,LDPE_count,1,,,,,
2025-09-19 08:55:23,PS,0.6617363691329956,1264,542,30,62,86.26
2025-09-19 08:55:23,PS,0.553393542766571,585,622,54,104,149.88
2025-09-19 08:55:23,PS,0.5514112114906311,1213,642,132,153,284.23
2025-09-19 08:55:23,PS,0.4144378900527954,764,696,93,47,132.23
2025-09-19 08:55:23,PS_count,4,,,,,
2025-09-19 08:55:26,PS,0.6620410680770874,1212,642,133,153,285.3
2025-09-19 08:55:26,PS,0.6312713027000427,717,646,135,136,271.0
2025-09-19 08:55:26,PS,0.548332929611206,1262,545,33,65,92.63
2025-09-19 08:55:26,PS,0.47717005014419556,815,624,56,64,119.73
2025-09-19 08:55:26,PS_count,4,,,,,
2025-09-19 08:55:29,PS,0.6646806001663208,1217,689,123,62,174.65
2025-09-19 08:55:29,PS,0.6387807726860046,1247,540,64,90,151.79
2025-09-19 08:55:29,PS_count,2,,,,,
2025-09-19 08:55:31,PS,0.6426604986190796,1209,647,142,143,285.0
2025-09-19 08:55:31,PS,0.5475999116897583,1255,548,48,78,122.38
2025-09-19 08:55:31,PS_count,2,,,,,
2025-09-19 08:55:34,PS,0.6204103231430054,1256,550,45,69,111.45
2025-09-19 08:55:34,PS,0.4674540162086487,1212,646,134,146,279.74
2025-09-19 08:55:34,PS_count,2,,,,,
2025-09-19 08:55:37,PS,0.8189404606819153,1212,644,134,150,283.55
2025-09-19 08:55:37,PS,0.5486055016517639,1256,555,45,66,109.0
2025-09-19 08:55:37,PS,0.5266467332839966,753,651,125,136,260.77
2025-09-19 08:55:37,PS_count,3,,,,,
2025-09-19 08:55:40,PS,0.7080115079879761,1216,685,126,70,187.83
2025-09-19 08:55:40,PS,0.6763151288032532,1172,612,56,83,136.35
2025-09-19 08:55:40,PS,0.645031750202179,812,644,232,149,371.85
2025-09-19 08:55:40,PS,0.4112994074821472,1251,536,58,94,147.68
2025-09-19 08:55:40,PS_count,4,,,,,
2025-09-19 08:55:42,PS,0.7282873392105103,1216,689,125,62,176.07
2025-09-19 08:55:42,PS,0.6388835906982422,1249,537,62,91,150.23
2025-09-19 08:55:42,PS,0.5953230261802673,742,647,259,144,386.24
2025-09-19 08:55:42,PS_count,3,,,,,
2025-09-19 08:55:45,PS,0.795732855796814,1209,687,132,66,186.68
2025-09-19 08:55:45,PS,0.7615973353385925,1150,613,57,86,140.03
2025-09-19 08:55:45,PS,0.4533700942993164,1250,527,58,70,127.44
2025-09-19 08:55:45,PS_count,3,,,,,
2025-09-19 08:55:48,PS,0.6672347187995911,657,648,118,143,259.8
2025-09-19 08:55:48,PS,0.5702024698257446,724,475,230,189,416.99
2025-09-19 08:55:48,PS,0.5520145297050476,744,610,55,56,111.0
2025-09-19 08:55:48,PS,0.46478116512298584,1226,570,108,120,227.68
2025-09-19 08:55:48,PS_count,4,,,,,
2025-09-19 08:55:51,PS,0.8526316285133362,671,650,112,137,247.74
2025-09-19 08:55:51,PS,0.5527637004852295,1213,573,104,132,234.33
2025-09-19 08:55:51,PS,0.4997633695602417,765,617,57,59,115.98
2025-09-19 08:55:51,PS,0.4636865258216858,1178,677,204,85,263.36
2025-09-19 08:55:51,PS,0.41903072595596313,1139,560,85,72,156.46
2025-09-19 08:55:51,PS_count,5,,,,,
2025-09-19 08:55:54,PS,0.740735650062561,722,658,69,124,185.0
2025-09-19 08:55:54,PS,0.6524554491043091,1208,607,101,81,180.9
2025-09-19 08:55:54,PS_count,2,,,,,
2025-09-19 08:55:57,LDPE,0.4789920449256897,975,644,82,152,223.28
2025-09-19 08:55:57,LDPE_count,1,,,,,
2025-09-19 08:56:00,PS,0.7832231521606445,612,541,92,38,118.25
2025-09-19 08:56:00,PS,0.7561620473861694,1189,593,118,69,180.47
2025-09-19 08:56:00,PS,0.4340284466743469,667,597,60,57,116.96
2025-09-19 08:56:00,PS_count,3,,,,,
2025-09-19 08:56:03,PS,0.7129089832305908,824,664,270,111,346.24
2025-09-19 08:56:03,PS,0.6411401033401489,1166,597,118,68,179.15
2025-09-19 08:56:03,PS,0.537859320640564,1264,602,32,61,88.36
2025-09-19 08:56:03,PS,0.4624176621437073,825,525,265,207,468.42
2025-09-19 08:56:03,PS_count,4,,,,,
2025-09-19 08:56:06,PS,0.9023417830467224,675,652,115,132,246.41
2025-09-19 08:56:06,PS,0.6936194896697998,1176,597,110,72,177.99
2025-09-19 08:56:06,PS,0.4693818688392639,1194,672,170,96,255.5
2025-09-19 08:56:06,PS,0.4237532615661621,1263,610,33,53,83.64
2025-09-19 08:56:06,PS,0.4007676839828491,793,679,123,81,199.63
2025-09-19 08:56:06,PS_count,5,,,,,
2025-09-19 08:56:09,PS,0.7882228493690491,685,646,135,142,276.91
2025-09-19 08:56:09,LDPE,0.7713757753372192,1087,647,100,137,234.09
2025-09-19 08:56:09,PS,0.5576566457748413,1254,608,49,61,109.34
2025-09-19 08:56:09,PS,0.547008752822876,1162,610,138,60,181.99
2025-09-19 08:56:09,PS,0.4398307800292969,710,551,116,39,134.52
2025-09-19 08:56:09,PS_count,4,,,,,
2025-09-19 08:56:09,LDPE_count,1,,,,,
2025-09-19 08:56:11,PS,0.8544254302978516,667,648,105,142,244.21
2025-09-19 08:56:11,PS,0.8522791862487793,715,546,115,40,135.65
2025-09-19 08:56:11,PS,0.5765287280082703,1201,691,132,58,175.0
2025-09-19 08:56:11,PS,0.5686262249946594,762,603,59,59,118.0
2025-09-19 08:56:11,PS,0.5249463319778442,1232,525,93,111,203.2
2025-09-19 08:56:11,PS,0.4444148540496826,1134,645,72,149,207.15
2025-09-19 08:56:11,PS_count,6,,,,,
2025-09-19 08:56:14,PS,0.7005869150161743,698,646,167,145,311.22
2025-09-19 08:56:14,PS,0.6741788983345032,714,550,112,38,130.48
2025-09-19 08:56:14,PS,0.5324874520301819,1214,499,130,73,194.83
2025-09-19 08:56:14,PS_count,3,,,,,
2025-09-19 08:56:17,PS,0.5843631625175476,880,536,105,102,206.98
2025-09-19 08:56:17,PS,0.4706653356552124,764,511,158,163,320.96
2025-09-19 08:56:17,PS,0.4127735495567322,1261,603,38,61,96.29
2025-09-19 08:56:17,PS_count,3,,,,,
2025-09-19 08:56:19,PS,0.696420431137085,1214,497,129,76,198.03
2025-09-19 08:56:19,PS,0.6722371578216553,697,646,135,145,279.82
2025-09-19 08:56:19,PS,0.6449729800224304,729,553,108,40,131.45
2025-09-19 08:56:19,PS,0.4845935106277466,1196,688,159,64,201.75
2025-09-19 08:56:19,PS,0.4683424234390259,782,632,49,95,136.46
2025-09-19 08:56:19,PS,0.41607946157455444,1113,629,69,115,178.16
2025-09-19 08:56:19,PS_count,6,,,,,
2025-09-19 08:56:22,PS,0.7256343960762024,708,646,129,147,275.41
2025-09-19 08:56:22,PS,0.7173366546630859,726,559,101,38,123.9
2025-09-19 08:56:22,PS,0.5613384246826172,1109,633,51,133,164.72
2025-09-19 08:56:22,PS_count,3,,,,,
2025-09-19 08:56:25,PS,0.8149110674858093,717,556,93,41,123.5
2025-09-19 08:56:25,PS,0.7708258628845215,708,649,126,142,267.52
2025-09-19 08:56:25,PS,0.4128265976905823,1106,637,59,141,182.42
2025-09-19 08:56:25,PS_count,3,,,,,
2025-09-19 08:56:28,PS,0.9278743863105774,731,654,146,131,276.59
2025-09-19 08:56:28,PS,0.666570782661438,768,566,113,42,137.78
2025-09-19 08:56:28,PS,0.6338413953781128,831,634,62,66,127.94
2025-09-19 08:56:28,PS,0.4675130248069763,1102,631,52,131,165.07
2025-09-19 08:56:28,PS_count,4,,,,,
2025-09-19 08:56:30,PS,0.8452825546264648,1221,497,115,74,184.5
2025-09-19 08:56:30,PS,0.8399063944816589,733,653,130,131,261.0
2025-09-19 08:56:30,PS,0.7684940099716187,738,571,104,42,132.18
2025-09-19 08:56:30,PS,0.7313562035560608,849,633,119,63,173.17
2025-09-19 08:56:30,PS,0.5656249523162842,1186,644,182,151,331.55
2025-09-19 08:56:30,PS_count,5,,,,,
2025-09-19 08:56:33,PS,0.8781070113182068,724,655,122,129,250.9
2025-09-19 08:56:33,PS,0.7633808851242065,817,635,61,71,131.62
2025-09-19 08:56:33,PS,0.5044461488723755,1260,608,39,61,97.55
2025-09-19 08:56:33,PS,0.4713801145553589,1195,673,169,93,250.73
2025-09-19 08:56:33,PS,0.4090491533279419,1202,494,143,73,204.34
2025-09-19 08:56:33,PS_count,5,,,,,
2025-09-19 08:56:35,PS,0.703359842300415,1196,689,167,62,203.51
2025-09-19 08:56:35,PS,0.4268714189529419,519,706,166,28,136.35
2025-09-19 08:56:35,PS_count,2,,,,,
2025-09-19 08:56:38,PS,0.5355678796768188,680,644,109,129,237.16
2025-09-19 08:56:38,PS,0.48349863290786743,1229,575,100,104,203.96
2025-09-19 08:56:38,PS_count,2,,,,,
2025-09-19 08:56:41,PS,0.8299899697303772,672,550,93,37,117.32
2025-09-19 08:56:41,PS,0.7496294379234314,1221,555,112,120,231.86
2025-09-19 08:56:41,PS,0.6713184714317322,782,579,101,92,192.79
2025-09-19 08:56:41,PS,0.6048276424407959,730,487,222,140,352.59
2025-09-19 08:56:41,PS_count,4,,,,,
2025-09-19 08:56:44,PS,0.7966781258583069,708,555,101,38,123.9
2025-09-19 08:56:44,PS,0.4274185299873352,1225,557,97,118,213.97
2025-09-19 08:56:44,PS_count,2,,,,,
2025-09-19 08:56:47,PS,0.8347578644752502,578,551,97,41,126.13
2025-09-19 08:56:47,PS,0.6927229762077332,637,607,57,50,106.77
2025-09-19 08:56:47,PS,0.5475056767463684,1191,592,58,56,113.98
2025-09-19 08:56:47,PS,0.5153313279151917,1234,577,90,79,168.64
2025-09-19 08:56:47,LDPE,0.47932755947113037,1109,628,143,184,324.42
2025-09-19 08:56:47,PS,0.4610961675643921,572,638,116,138,253.05
2025-09-19 08:56:47,PS_count,5,,,,,
2025-09-19 08:56:47,LDPE_count,1,,,,,
2025-09-19 08:56:50,PS,0.8262131810188293,574,547,91,42,123.64
2025-09-19 08:56:50,LDPE,0.8067861199378967,1187,668,183,102,273.25
2025-09-19 08:56:50,PS,0.5888161659240723,1229,591,97,64,157.58
2025-09-19 08:56:50,PS,0.45109331607818604,683,594,94,53,141.17
2025-09-19 08:56:50,PS_count,3,,,,,
2025-09-19 08:56:50,LDPE_count,1,,,,,
2025-09-19 08:56:53,PS,0.8517980575561523,577,546,92,41,122.83
2025-09-19 08:56:53,PS,0.7236239314079285,638,470,238,165,396.33
2025-09-19 08:56:53,PS,0.7055358290672302,681,592,108,57,156.92
2025-09-19 08:56:53,PS,0.6036286354064941,1233,585,93,74,165.92
2025-09-19 08:56:53,LDPE,0.4481407403945923,1188,668,182,103,273.83
2025-09-19 08:56:53,PS_count,4,,,,,
2025-09-19 08:56:53,LDPE_count,1,,,,,
2025-09-19 08:56:56,PS,0.7614681720733643,1201,634,146,57,182.45
2025-09-19 08:56:56,PS,0.7578150629997253,1228,557,101,100,201.0
2025-09-19 08:56:56,PS,0.6455466747283936,596,547,100,42,129.61
2025-09-19 08:56:56,PS,0.5922666192054749,1114,582,124,94,215.93
2025-09-19 08:56:56,PS,0.4360097646713257,649,494,219,239,457.56
2025-09-19 08:56:56,PS_count,5,,,,,
2025-09-19 08:56:59,PS,0.719836413860321,1115,575,124,92,213.62
2025-09-19 08:56:59,PS,0.6901471018791199,602,632,75,125,193.65
2025-09-19 08:56:59,PS_count,2,,,,,
2025-09-19 08:57:01,PS,0.7313348054885864,604,637,82,124,201.67
2025-09-19 08:57:01,PS,0.6782122850418091,1230,557,97,112,208.46
2025-09-19 08:57:01,PS_count,2,,,,,
2025-09-19 08:57:04,PS,0.8923553824424744,646,681,165,77,225.43
2025-09-19 08:57:04,PS,0.8446005582809448,753,666,80,108,185.9
2025-09-19 08:57:04,PS,0.8417831063270569,646,533,118,35,128.53
2025-09-19 08:57:04,PS,0.8006122708320618,694,603,72,72,144.0
2025-09-19 08:57:04,PS_count,4,,,,,
2025-09-19 08:57:07,PS,0.8842665553092957,652,646,202,145,342.29
2025-09-19 08:57:07,PS_count,1,,,,,
2025-09-19 08:57:09,LDPE,0.7978578209877014,688,695,140,49,165.65
2025-09-19 08:57:09,PS,0.7235826253890991,1109,619,78,87,164.75
2025-09-19 08:57:09,PS,0.41662704944610596,1184,692,185,56,203.57
2025-09-19 08:57:09,LDPE_count,1,,,,,
2025-09-19 08:57:09,PS_count,2,,,,,
2025-09-19 08:57:12,PS,0.7858865261077881,705,618,113,52,153.31
2025-09-19 08:57:12,LDPE,0.7372000813484192,671,657,127,125,251.99
2025-09-19 08:57:12,PS,0.7088378667831421,1245,552,69,67,135.99
2025-09-19 08:57:12,PS,0.6728074550628662,1196,645,165,147,311.48
2025-09-19 08:57:12,LDPE,0.6046345829963684,755,697,92,45,128.69
2025-09-19 08:57:12,PS,0.46493101119995117,578,700,111,39,131.59
2025-09-19 08:57:12,LDPE,0.4072086215019226,805,651,89,117,204.09
2025-09-19 08:57:12,PS_count,4,,,,,
2025-09-19 08:57:12,LDPE_count,3,,,,,
2025-09-19 08:57:15,LDPE,0.7998639941215515,757,651,85,55,136.75
2025-09-19 08:57:15,PS,0.775528073310852,648,547,125,41,143.18
2025-09-19 08:57:15,PS,0.6819794774055481,1144,648,58,143,182.14
2025-09-19 08:57:15,LDPE,0.626114010810852,726,693,104,54,149.88
2025-09-19 08:57:15,PS,0.5368338823318481,696,612,75,60,134.16
2025-09-19 08:57:15,PS,0.5209693312644958,1242,547,73,86,158.47
2025-09-19 08:57:15,LDPE,0.4172026515007019,805,697,79,45,119.25
2025-09-19 08:57:15,LDPE_count,3,,,,,
2025-09-19 08:57:15,PS_count,4,,,,,
2025-09-19 08:57:18,PS,0.8258150815963745,719,638,116,115,231.0
2025-09-19 08:57:18,LDPE,0.4930899739265442,792,695,94,50,137.11
2025-09-19 08:57:18,PS_count,1,,,,,
2025-09-19 08:57:18,LDPE_count,1,,,,,
2025-09-19 08:57:20,PS,0.8691011071205139,1154,620,133,80,206.3
2025-09-19 08:57:20,PS,0.8382072448730469,666,615,79,68,146.59
2025-09-19 08:57:20,PS,0.8051046133041382,1020,644,124,77,195.43
2025-09-19 08:57:20,PS,0.7602407932281494,732,603,120,60,169.71
2025-09-19 08:57:20,PS,0.5995701551437378,1148,560,124,60,172.51
2025-09-19 08:57:20,PS,0.5375022888183594,615,553,98,44,131.33
2025-09-19 08:57:20,PS,0.5351138710975647,1068,693,178,54,196.08
2025-09-19 08:57:20,PS,0.4598348140716553,671,469,247,214,459.82
2025-09-19 08:57:20,PS_count,8,,,,,
2025-09-19 08:57:23,PS,0.7001417279243469,1183,615,126,74,193.12
2025-09-19 08:57:23,PS_count,1,,,,,
2025-09-19 08:57:26,PS,0.8535222411155701,1145,622,117,87,201.78
2025-09-19 08:57:26,PS,0.7736411690711975,715,616,72,71,143.0
2025-09-19 08:57:26,LDPE,0.5640673041343689,850,680,54,54,108.0
2025-09-19 08:57:26,PS,0.5284403562545776,1024,650,70,105,171.46
2025-09-19 08:57:26,PS_count,3,,,,,
2025-09-19 08:57:26,LDPE_count,1,,,,,
2025-09-19 08:57:28,PS,0.7101091146469116,838,634,64,69,132.91
2025-09-19 08:57:28,PS,0.6468092799186707,621,651,49,135,162.67
2025-09-19 08:57:28,PS_count,2,,,,,
2025-09-19 08:57:31,PS,0.5881849527359009,709,650,273,138,388.2
2025-09-19 08:57:31,PS,0.5072485208511353,1104,536,187,141,324.76
2025-09-19 08:57:31,PS_count,2,,,,,
2025-09-19 08:57:34,PS,0.8449432849884033,1127,621,117,80,193.49
2025-09-19 08:57:34,PS,0.8400997519493103,825,633,62,72,133.63
2025-09-19 08:57:34,PS,0.7886565327644348,1010,641,92,74,165.02
2025-09-19 08:57:34,PS,0.733981728553772,1022,547,144,126,269.4
2025-09-19 08:57:34,PS,0.61874920129776,1055,693,147,54,178.19
2025-09-19 08:57:34,PS_count,5,,,,,
2025-09-19 08:57:37,PS,0.7222574353218079,1042,651,66,130,185.26
2025-09-19 08:57:37,PS,0.46782833337783813,627,649,49,133,161.46
2025-09-19 08:57:37,PS_count,2,,,,,
2025-09-19 08:57:40,PS,0.8488237857818604,789,605,110,63,166.49
2025-09-19 08:57:40,PS,0.6656345129013062,725,620,78,69,146.72
2025-09-19 08:57:40,PS,0.5722125768661499,1207,592,106,110,215.96
2025-09-19 08:57:40,PS,0.5158654451370239,885,635,78,69,146.72
2025-09-19 08:57:40,PS,0.4935077428817749,659,555,108,41,133.09
2025-09-19 08:57:40,PS,0.47594141960144043,1143,681,213,78,257.79
2025-09-19 08:57:40,PS,0.4361072778701782,661,651,141,137,277.97
2025-09-19 08:57:40,PS_count,7,,,,,
2025-09-19 08:57:43,PS,0.8808296918869019,645,669,83,101,183.12
2025-09-19 08:57:43,PS,0.6446396708488464,790,558,175,144,317.49
2025-09-19 08:57:43,PS_count,2,,,,,
2025-09-19 08:57:46,PS,0.6291855573654175,1198,690,155,60,192.87
2025-09-19 08:57:46,PS,0.556043267250061,1209,626,83,82,165.0
2025-09-19 08:57:46,PS,0.5519863367080688,844,532,125,120,244.95
2025-09-19 08:57:46,PS,0.44495558738708496,666,654,96,129,222.57
2025-09-19 08:57:46,PS_count,4,,,,,
2025-09-19 08:57:49,PS,0.7409230470657349,661,552,121,41,140.87
2025-09-19 08:57:49,PS,0.6139532327651978,711,614,70,63,132.82
2025-09-19 08:57:49,PS,0.593046247959137,642,647,173,144,315.67
2025-09-19 08:57:49,PS_count,3,,,,,
2025-09-19 08:57:55,PS,0.9104013442993164,1133,597,101,89,189.62
2025-09-19 08:57:55,PS,0.7810056805610657,801,655,80,56,133.87
2025-09-19 08:57:55,PS_count,2,,,,,
2025-09-19 08:57:58,LDPE,0.7258929014205933,1093,584,111,94,204.29
2025-09-19 08:57:58,PS,0.7184914946556091,582,645,153,148,300.96
2025-09-19 08:57:58,LDPE_count,1,,,,,
2025-09-19 08:57:58,PS_count,1,,,,,
2025-09-19 08:58:01,PS,0.9313377141952515,1176,612,142,104,243.05
2025-09-19 08:58:01,PS,0.8632431030273438,620,587,111,56,157.68
2025-09-19 08:58:01,PS,0.7592379450798035,591,645,121,149,268.54
2025-09-19 08:58:01,PS,0.6477494239807129,686,616,74,64,137.64
2025-09-19 08:58:01,PS_count,4,,,,,
2025-09-19 08:58:13,LDPE,0.9097460508346558,700,495,261,166,416.3
2025-09-19 08:58:13,LDPE,0.8900206089019775,618,652,100,135,232.38
2025-09-19 08:58:13,LDPE,0.8034130930900574,780,674,90,92,181.99
2025-09-19 08:58:13,LDPE,0.5618624091148376,723,611,78,63,140.2
2025-09-19 08:58:13,PS,0.5166268944740295,673,552,134,43,151.82
2025-09-19 08:58:13,LDPE,0.4754480719566345,1101,649,58,141,180.86
2025-09-19 08:58:13,PS,0.44577866792678833,660,595,104,63,161.89
2025-09-19 08:58:13,PS,0.4027279019355774,1091,597,64,36,96.0
2025-09-19 08:58:13,LDPE,0.40122973918914795,1207,500,143,89,225.63
2025-09-19 08:58:13,LDPE_count,6,,,,,
2025-09-19 08:58:13,PS_count,3,,,,,
2025-09-19 08:58:17,LDPE,0.8958055377006531,698,497,263,167,419.15
2025-09-19 08:58:17,LDPE,0.8407800197601318,619,653,98,134,229.19
2025-09-19 08:58:17,LDPE,0.7947065830230713,1103,627,70,95,163.1
2025-09-19 08:58:17,LDPE,0.7362680435180664,758,675,127,90,213.82
2025-09-19 08:58:17,LDPE,0.6399877667427063,722,614,75,64,138.56
2025-09-19 08:58:17,PS,0.5690450072288513,657,593,103,55,150.53
2025-09-19 08:58:17,LDPE,0.5559640526771545,1205,509,147,111,255.48
2025-09-19 08:58:17,PS,0.4416775107383728,669,553,127,42,146.07
2025-09-19 08:58:17,LDPE_count,6,,,,,
2025-09-19 08:58:17,PS_count,2,,,,,
2025-09-19 08:58:24,LDPE,0.8832703232765198,679,489,254,170,415.6
2025-09-19 08:58:24,LDPE,0.5899906754493713,1180,496,199,176,374.29
2025-09-19 08:58:24,LDPE,0.5649190545082092,1112,633,71,106,173.51
2025-09-19 08:58:24,LDPE,0.46579575538635254,1176,648,201,141,336.7
2025-09-19 08:58:24,LDPE,0.4494895935058594,643,641,185,157,340.85
2025-09-19 08:58:24,LDPE_count,5,,,,,
2025-09-19 08:58:31,PS,0.7304436564445496,643,607,68,60,127.75
2025-09-19 08:58:31,PS,0.6033368706703186,709,598,120,58,166.85
2025-09-19 08:58:31,LDPE,0.4831717610359192,587,643,115,154,266.16
2025-09-19 08:58:31,LDPE,0.47784292697906494,1209,523,140,125,264.58
2025-09-19 08:58:31,PS,0.47490882873535156,587,643,117,151,265.83
2025-09-19 08:58:31,PS_count,3,,,,,
2025-09-19 08:58:31,LDPE_count,2,,,,,
2025-09-19 08:58:34,PS,0.7667850255966187,1179,574,133,103,234.09
2025-09-19 08:58:34,PS,0.6849583983421326,584,547,92,37,116.69
2025-09-19 08:58:34,PS,0.5743131637573242,645,607,71,63,133.76
2025-09-19 08:58:34,LDPE,0.552543580532074,1058,637,155,163,317.9
2025-09-19 08:58:34,PS_count,3,,,,,
2025-09-19 08:58:34,LDPE_count,1,,,,,
2025-09-19 08:58:40,PS,0.7815560102462769,619,581,57,62,118.89
2025-09-19 08:58:40,LDPE,0.7366260290145874,1046,596,98,91,188.87
2025-09-19 08:58:40,PS,0.6701878905296326,583,672,250,96,309.84
2025-09-19 08:58:40,PS,0.6051377058029175,680,568,112,61,165.31
2025-09-19 08:58:40,PS_count,3,,,,,
2025-09-19 08:58:40,LDPE_count,1,,,,,
2025-09-19 08:58:43,PS,0.8800191879272461,1165,580,140,96,231.86
2025-09-19 08:58:43,PS,0.8421347737312317,543,642,73,72,145.0
2025-09-19 08:58:43,PS,0.7585079669952393,619,637,130,62,179.56
2025-09-19 08:58:43,PS,0.6389254927635193,367,659,169,121,286.0
2025-09-19 08:58:43,PS,0.4328742027282715,488,662,110,115,224.94
2025-09-19 08:58:43,PS,0.402956485748291,1080,681,164,77,224.75
2025-09-19 08:58:43,PS_count,6,,,,,
2025-09-19 08:58:45,PS,0.8237445950508118,699,556,104,39,127.37
2025-09-19 08:58:45,PS,0.815684974193573,1213,580,115,89,202.34
2025-09-19 08:58:45,PS,0.7947924137115479,694,644,132,147,278.6
2025-09-19 08:58:45,PS,0.7241892218589783,1093,594,129,90,215.5
2025-09-19 08:58:45,PS,0.5480743050575256,1108,510,151,82,222.55
2025-09-19 08:58:45,PS_count,5,,,,,
2025-09-19 08:58:48,PS,0.8137672543525696,746,598,66,60,125.86
2025-09-19 08:58:48,PS,0.7222908735275269,682,645,113,146,256.89
2025-09-19 08:58:48,PS,0.683804452419281,1214,575,109,96,204.59
2025-09-19 08:58:48,PS,0.513608455657959,690,543,97,35,116.53
2025-09-19 08:58:48,PS_count,4,,,,,
2025-09-19 08:58:55,PS,0.8432268500328064,1214,574,103,85,187.14
2025-09-19 08:58:55,PS,0.5616239905357361,1088,645,128,145,272.47
2025-09-19 08:58:55,PS_count,2,,,,,
2025-09-19 08:58:58,PS,0.7195479869842529,793,510,314,205,507.42
2025-09-19 08:58:58,PS_count,1,,,,,
2025-09-19 08:59:02,HDPE,0.6988450884819031,605,657,96,123,217.33
2025-09-19 08:59:02,PS,0.6475483775138855,514,541,57,75,130.77
2025-09-19 08:59:02,PS,0.5170417428016663,1253,557,51,66,116.03
2025-09-19 08:59:02,HDPE_count,1,,,,,
2025-09-19 08:59:02,PS_count,2,,,,,
2025-09-19 08:59:06,PS,0.5869677662849426,1245,555,68,57,124.52
2025-09-19 08:59:06,PS_count,1,,,,,
2025-09-19 08:59:12,PS,0.6779418587684631,1249,552,60,58,117.98
2025-09-19 08:59:12,PS,0.4458616375923157,577,652,111,135,244.83
2025-09-19 08:59:12,PS,0.4175955057144165,1199,648,159,142,300.52
2025-09-19 08:59:12,LDPE,0.40665024518966675,267,383,95,66,158.37
2025-09-19 08:59:12,PS_count,3,,,,,
2025-09-19 08:59:12,LDPE_count,1,,,,,
2025-09-19 08:59:16,PS,0.7531522512435913,1246,551,66,63,128.97
2025-09-19 08:59:16,PS,0.7380155324935913,563,658,99,124,221.59
2025-09-19 08:59:16,PS,0.6119610667228699,1200,648,158,142,299.57
2025-09-19 08:59:16,PS_count,3,,,,,
2025-09-19 08:59:20,PS,0.8748770356178284,578,651,115,137,251.04
2025-09-19 08:59:20,PS,0.7792148590087891,671,611,67,63,129.94
2025-09-19 08:59:20,PS,0.7354487180709839,1247,553,64,60,123.94
2025-09-19 08:59:20,PS,0.7099037170410156,1199,647,160,143,302.52
2025-09-19 08:59:20,PS,0.5458983182907104,611,545,91,35,112.87
2025-09-19 08:59:20,PS_count,5,,,,,
2025-09-19 08:59:24,PS,0.5044729709625244,1197,642,164,154,317.84
2025-09-19 08:59:24,PS,0.4679397940635681,1243,536,73,66,138.82
2025-09-19 08:59:24,PETE,0.4666690230369568,340,598,73,241,265.28
2025-09-19 08:59:24,PS,0.4634858965873718,771,675,285,90,320.31
2025-09-19 08:59:24,PS_count,3,,,,,
2025-09-19 08:59:24,PETE_count,1,,,,,
2025-09-19 08:59:28,PS,0.8021331429481506,677,617,74,64,137.64
2025-09-19 08:59:28,PS,0.7683703303337097,1224,505,109,79,185.59
2025-09-19 08:59:28,PS,0.6313031315803528,612,640,169,159,327.85
2025-09-19 08:59:28,PS_count,3,,,,,
2025-09-19 08:59:32,PS,0.9015337824821472,606,643,145,152,296.92
2025-09-19 08:59:32,PS,0.7596564292907715,609,552,109,43,136.92
2025-09-19 08:59:32,PS,0.7333254218101501,727,602,102,57,152.5
2025-09-19 08:59:32,PS,0.4374857544898987,661,466,236,209,444.18
2025-09-19 08:59:32,PS_count,4,,,,,
2025-09-19 08:59:36,PS,0.7667304277420044,690,622,71,72,143.0
2025-09-19 08:59:36,PS,0.6687068343162537,1244,548,69,75,143.87
2025-09-19 08:59:36,PS,0.6143035292625427,1213,690,132,60,177.99
2025-09-19 08:59:36,PS,0.5902817845344543,603,634,100,111,210.71
2025-09-19 08:59:36,LDPE,0.5874176025390625,763,673,77,93,169.25
2025-09-19 08:59:36,PS,0.4436098337173462,686,687,61,65,125.94
2025-09-19 08:59:36,PS_count,5,,,,,
2025-09-19 08:59:36,LDPE_count,1,,,,,
2025-09-19 08:59:40,PS,0.8255764245986938,709,628,73,66,138.82
2025-09-19 08:59:40,PS,0.7348374128341675,626,654,120,131,250.76
2025-09-19 08:59:40,PS,0.6769054532051086,778,687,53,65,117.39
2025-09-19 08:59:40,PS,0.6728668212890625,837,694,68,51,117.78
2025-09-19 08:59:40,PS_count,4,,,,,
2025-09-19 08:59:47,PS,0.912513017654419,756,615,82,61,141.45
2025-09-19 08:59:47,PS,0.8730121850967407,928,641,152,154,305.99
2025-09-19 08:59:47,PS,0.8100457191467285,694,592,113,52,153.31
2025-09-19 08:59:47,PS,0.7970820069313049,679,652,159,136,294.1
2025-09-19 08:59:47,PS,0.7680016160011292,812,681,75,77,151.99
2025-09-19 08:59:47,PS,0.6416139006614685,1230,506,98,69,164.46
2025-09-19 08:59:47,PS,0.5893591642379761,705,550,125,40,141.42
2025-09-19 08:59:47,PETE,0.5642997622489929,349,591,87,254,297.31
2025-09-19 08:59:47,PS,0.4455908536911011,1225,687,108,66,168.85
2025-09-19 08:59:47,PS_count,8,,,,,
2025-09-19 08:59:47,PETE_count,1,,,,,
2025-09-19 08:59:51,PS,0.7387741804122925,607,547,108,42,134.7
2025-09-19 08:59:51,PS,0.6640141606330872,670,608,69,65,133.94
2025-09-19 08:59:51,PS,0.6041150093078613,1255,539,47,80,122.64
2025-09-19 08:59:51,PS,0.5313003063201904,1213,645,132,149,280.49
2025-09-19 08:59:51,PS_count,4,,,,,
2025-09-19 08:59:54,PS,0.7714899778366089,656,584,118,57,164.02
2025-09-19 08:59:54,LDPE,0.7463057041168213,858,685,56,40,94.66
2025-09-19 08:59:54,PS,0.6769601106643677,1215,641,128,158,284.42
2025-09-19 08:59:54,PS,0.6614801287651062,627,647,128,143,270.58
2025-09-19 08:59:54,PS,0.576749861240387,1262,546,35,63,93.91
2025-09-19 08:59:54,PS_count,4,,,,,
2025-09-19 08:59:54,LDPE_count,1,,,,,
2025-09-19 08:59:57,PS,0.8455743789672852,656,645,139,149,287.83
2025-09-19 08:59:57,PS,0.8255206346511841,753,605,69,58,126.52
2025-09-19 08:59:57,LDPE,0.4909129738807678,853,689,69,56,124.32
2025-09-19 08:59:57,PS,0.41411375999450684,709,475,252,237,488.77
2025-09-19 08:59:57,PS_count,3,,,,,
2025-09-19 08:59:57,LDPE_count,1,,,,,
2025-09-19 09:00:00,PS,0.7921394109725952,709,603,74,59,132.15
2025-09-19 09:00:01,PS,0.5836577415466309,1217,575,106,88,193.16
2025-09-19 09:00:01,PS,0.5536975860595703,1159,671,224,98,296.32
2025-09-19 09:00:01,PS,0.5450465083122253,1093,603,124,75,192.87
2025-09-19 09:00:01,PS,0.5417298674583435,655,541,110,41,134.31
2025-09-19 09:00:01,PS_count,5,,,,,
2025-09-19 09:00:04,PS,0.8598359227180481,1214,563,125,110,234.52
2025-09-19 09:00:04,PS,0.8050534725189209,1090,609,127,69,187.22
2025-09-19 09:00:04,PS,0.7325277328491211,711,598,74,60,133.27
2025-09-19 09:00:04,PS,0.7152925133705139,666,538,110,39,131.0
2025-09-19 09:00:04,PS_count,4,,,,,
2025-09-19 09:00:07,PS,0.8630942702293396,1213,574,122,115,236.9
2025-09-19 09:00:07,PS,0.8556690216064453,1080,606,116,89,203.21
2025-09-19 09:00:07,PS,0.8484746813774109,721,595,76,65,140.57
2025-09-19 09:00:07,PS,0.6943850517272949,661,539,108,38,128.12
2025-09-19 09:00:07,PS,0.5710955858230591,638,648,123,144,266.17
2025-09-19 09:00:07,PS_count,5,,,,,
2025-09-19 09:00:10,PS,0.897718071937561,657,646,110,148,255.19
2025-09-19 09:00:10,PS,0.7756205797195435,755,603,72,63,134.7
2025-09-19 09:00:10,PS,0.6746992468833923,1228,503,101,67,164.52
2025-09-19 09:00:10,PS,0.5181956887245178,714,538,123,43,145.45
2025-09-19 09:00:10,PS_count,4,,,,,
2025-09-19 09:00:13,PS,0.8673422336578369,706,598,72,65,136.82
2025-09-19 09:00:13,LDPE,0.8147966861724854,857,685,53,44,96.58
2025-09-19 09:00:13,PS,0.5118257403373718,1224,641,109,156,260.8
2025-09-19 09:00:13,PS_count,2,,,,,
2025-09-19 09:00:13,LDPE_count,1,,,,,
2025-09-19 09:00:16,PS,0.822886049747467,720,598,73,64,136.7
2025-09-19 09:00:16,PS,0.8033273816108704,1227,507,104,83,185.82
2025-09-19 09:00:16,PS,0.6864778399467468,659,580,112,55,156.97
2025-09-19 09:00:16,PS,0.5991429686546326,662,540,103,37,123.47
2025-09-19 09:00:16,LDPE,0.4225013852119446,857,686,47,44,90.95
2025-09-19 09:00:16,PS_count,4,,,,,
2025-09-19 09:00:16,LDPE_count,1,,,,,
2025-09-19 09:00:19,PS,0.8473131656646729,698,602,70,66,135.94
2025-09-19 09:00:19,PS,0.6593323945999146,1200,602,123,78,195.9
2025-09-19 09:00:19,PS,0.6474800705909729,1057,630,127,68,185.86
2025-09-19 09:00:19,LDPE,0.6292160749435425,1058,587,100,39,124.9
2025-09-19 09:00:19,PS,0.5690127611160278,642,541,100,39,124.9
2025-09-19 09:00:19,PS_count,4,,,,,
2025-09-19 09:00:19,LDPE_count,1,,,,,
2025-09-19 09:00:22,PS,0.8633898496627808,1158,590,150,121,269.44
2025-09-19 09:00:22,PS,0.7357969880104065,585,580,109,55,154.85
2025-09-19 09:00:22,PS,0.6995060443878174,1021,605,92,35,113.49
2025-09-19 09:00:22,PS,0.52366703748703,575,636,121,161,279.15
2025-09-19 09:00:22,PS_count,4,,,,,
2025-09-19 09:00:25,PS,0.7936945557594299,584,642,121,154,273.01
2025-09-19 09:00:25,PS,0.7559418678283691,712,566,85,58,140.43
2025-09-19 09:00:25,PS,0.7367749214172363,1180,594,132,70,192.25
2025-09-19 09:00:25,LDPE,0.6727318167686462,1046,578,96,37,119.2
2025-09-19 09:00:25,PS,0.5604580044746399,598,552,106,44,136.59
2025-09-19 09:00:25,PS,0.41601645946502686,660,611,61,56,116.89
2025-09-19 09:00:25,PS_count,5,,,,,
2025-09-19 09:00:25,LDPE_count,1,,,,,
2025-09-19 09:00:28,PS,0.8224367499351501,1180,572,132,114,245.34
2025-09-19 09:00:28,PS,0.7744032144546509,672,599,66,58,123.74
2025-09-19 09:00:28,PS,0.6883953809738159,618,576,108,49,145.49
2025-09-19 09:00:28,PS,0.596583366394043,1055,606,105,86,190.05
2025-09-19 09:00:28,PS,0.5805164575576782,587,644,99,132,228.63
2025-09-19 09:00:28,PS,0.48766887187957764,654,469,229,218,446.86
2025-09-19 09:00:28,PS_count,6,,,,,
2025-09-19 09:00:31,PS,0.8656215071678162,1178,573,128,113,240.53
2025-09-19 09:00:31,PS,0.7362949252128601,568,638,96,125,219.09
2025-09-19 09:00:31,PS,0.6829648613929749,593,571,111,50,149.0
2025-09-19 09:00:31,PS,0.6328979134559631,650,592,67,57,123.6
2025-09-19 09:00:31,PS_count,4,,,,,
2025-09-19 09:00:34,PS,0.8957211971282959,1170,576,136,106,240.13
2025-09-19 09:00:34,PS,0.7394780516624451,605,565,96,55,145.33
2025-09-19 09:00:34,PS,0.5300645232200623,570,639,97,148,239.63
2025-09-19 09:00:34,PS,0.44843530654907227,659,592,59,50,108.63
2025-09-19 09:00:34,PS_count,4,,,,,
2025-09-19 09:00:38,PS,0.8058220744132996,1171,566,135,106,239.25
2025-09-19 09:00:38,LDPE,0.536224901676178,1042,573,101,44,133.33
2025-09-19 09:00:38,PS_count,1,,,,,
2025-09-19 09:00:38,LDPE_count,1,,,,,
2025-09-19 09:00:41,PS,0.8462647795677185,591,640,101,128,227.4
2025-09-19 09:00:41,PS,0.8316894173622131,1174,577,133,89,217.6
2025-09-19 09:00:41,PS,0.7997919321060181,676,597,66,57,122.67
2025-09-19 09:00:41,PS,0.7041178345680237,623,571,98,53,144.14
2025-09-19 09:00:41,PS,0.6749045252799988,1047,578,103,39,126.76
2025-09-19 09:00:41,PS,0.5556401014328003,1052,613,137,65,188.73
2025-09-19 09:00:41,PS_count,6,,,,,
2025-09-19 09:00:44,PS,0.8479825258255005,1072,559,105,94,198.7
2025-09-19 09:00:44,PS,0.8351601362228394,999,636,232,165,391.31
2025-09-19 09:00:44,PS,0.8291626572608948,602,664,200,109,295.3
2025-09-19 09:00:44,PS,0.7397278547286987,552,399,111,33,121.05
2025-09-19 09:00:44,PS,0.6563630104064941,285,703,76,33,100.16
2025-09-19 09:00:44,PS,0.5151094794273376,723,683,62,73,134.55
2025-09-19 09:00:44,PS,0.5147212147712708,539,429,94,39,121.1
2025-09-19 09:00:44,LDPE,0.4362318515777588,1204,633,152,171,322.44
2025-09-19 09:00:44,PS_count,7,,,,,
2025-09-19 09:00:44,LDPE_count,1,,,,,
2025-09-19 09:00:48,PS,0.920188307762146,1112,555,117,96,211.96
2025-09-19 09:00:48,PS,0.7444172501564026,450,698,183,44,179.47
2025-09-19 09:00:48,PS,0.7118369936943054,623,685,159,69,209.49
2025-09-19 09:00:48,LDPE,0.67431640625,1206,642,145,151,295.94
2025-09-19 09:00:48,PS,0.47502249479293823,993,574,114,63,169.49
2025-09-19 09:00:48,PS,0.4728206396102905,852,699,165,42,166.49
2025-09-19 09:00:48,PS_count,5,,,,,
2025-09-19 09:00:48,LDPE_count,1,,,,,
2025-09-19 09:00:51,PS,0.9227991700172424,1122,561,132,106,236.58
2025-09-19 09:00:51,PS,0.5912095904350281,648,542,91,37,116.05
2025-09-19 09:00:51,PS,0.5345814228057861,699,601,58,61,118.96
2025-09-19 09:00:51,PS,0.4488815665245056,992,585,120,66,177.99
2025-09-19 09:00:51,PS_count,4,,,,,
2025-09-19 09:00:54,LDPE,0.8393958210945129,69,628,139,179,315.47
2025-09-19 09:00:54,PS,0.7454878091812134,615,83,169,166,334.99
2025-09-19 09:00:54,PS,0.6661083102226257,711,519,34,74,100.32
2025-09-19 09:00:54,LDPE,0.6416402459144592,1025,283,117,122,238.95
2025-09-19 09:00:54,PS,0.4479478597640991,1255,395,50,150,173.21
2025-09-19 09:00:54,LDPE_count,2,,,,,
2025-09-19 09:00:54,PS_count,3,,,,,
2025-09-19 09:01:00,LDPE,0.8896790742874146,1154,645,236,149,375.04
2025-09-19 09:01:00,LDPE,0.8401240110397339,415,107,126,136,261.81
2025-09-19 09:01:00,HDPE,0.808405876159668,747,430,46,123,150.44
2025-09-19 09:01:00,PS,0.7629786133766174,696,364,38,42,79.9
2025-09-19 09:01:00,LDPE,0.7603895664215088,1123,517,209,149,352.94
2025-09-19 09:01:00,PS,0.646248996257782,312,285,110,222,312.54
2025-09-19 09:01:00,LDPE,0.5675662159919739,553,193,127,142,268.58
2025-09-19 09:01:00,PS,0.488239049911499,197,299,116,135,250.28
2025-09-19 09:01:00,LDPE,0.469232976436615,196,299,116,135,250.28
2025-09-19 09:01:00,LDPE_count,5,,,,,
2025-09-19 09:01:00,HDPE_count,1,,,,,
2025-09-19 09:01:00,PS_count,3,,,,,
2025-09-19 09:01:03,LDPE,0.8805912137031555,691,480,250,164,404.97
2025-09-19 09:01:03,PS,0.5658140182495117,467,706,209,28,153.0
2025-09-19 09:01:03,LDPE_count,1,,,,,
2025-09-19 09:01:03,PS_count,1,,,,,
2025-09-19 09:01:06,PS,0.8236832022666931,662,593,71,60,130.54
2025-09-19 09:01:06,LDPE,0.758785605430603,1055,568,124,89,210.1
2025-09-19 09:01:06,LDPE,0.7579191327095032,1188,539,114,107,220.89
2025-09-19 09:01:06,LDPE,0.5580020546913147,1046,642,159,153,311.94
2025-09-19 09:01:06,PS,0.48442912101745605,653,461,255,193,443.69
2025-09-19 09:01:06,PS,0.46126651763916016,1187,540,114,107,220.89
2025-09-19 09:01:06,PS_count,3,,,,,
2025-09-19 09:01:06,LDPE_count,3,,,,,
2025-09-19 09:01:09,PS,0.8524855375289917,668,576,68,66,133.99
2025-09-19 09:01:09,PS,0.8410347104072571,1105,531,146,108,251.14
2025-09-19 09:01:09,PS,0.6802695989608765,975,552,108,56,155.54
2025-09-19 09:01:09,PS_count,3,,,,,
2025-09-19 09:01:12,PS,0.8987981677055359,1136,552,132,115,246.41
2025-09-19 09:01:12,PS,0.7023139595985413,603,696,129,47,155.73
2025-09-19 09:01:12,PS,0.5603803396224976,675,583,60,60,120.0
2025-09-19 09:01:12,PS,0.48789405822753906,1234,706,68,28,87.27
2025-09-19 09:01:12,PS,0.4150059223175049,998,568,106,43,135.03
2025-09-19 09:01:12,LDPE,0.4139500856399536,1191,663,176,109,277.01
2025-09-19 09:01:12,PS_count,5,,,,,
2025-09-19 09:01:12,LDPE_count,1,,,,,
2025-09-19 09:01:16,PS,0.9159979224205017,1150,563,139,94,228.61
2025-09-19 09:01:16,PS,0.7070299386978149,681,596,63,65,127.98
2025-09-19 09:01:16,PS_count,2,,,,,
2025-09-19 09:01:19,PS,0.8035359978675842,578,630,110,149,256.05
2025-09-19 09:01:19,PS,0.7912638783454895,595,529,106,37,125.25
2025-09-19 09:01:19,PS,0.6614651679992676,1189,539,118,117,235.0
2025-09-19 09:01:19,PS,0.611859142780304,660,588,70,62,131.76
2025-09-19 09:01:19,PS_count,4,,,,,
2025-09-19 09:01:22,PS,0.8555617928504944,1180,547,122,116,237.92
2025-09-19 09:01:22,PS,0.7574590444564819,675,580,62,63,125.0
2025-09-19 09:01:22,PS,0.6180274486541748,589,697,88,45,125.86
2025-09-19 09:01:22,PS,0.49974024295806885,588,621,100,143,239.17
2025-09-19 09:01:22,PS_count,4,,,,,
2025-09-19 09:01:26,PS,0.7838243246078491,611,519,105,37,124.66
2025-09-19 09:01:26,PS,0.764348566532135,666,578,64,58,121.85
2025-09-19 09:01:26,PS,0.6976915597915649,584,624,105,133,236.35
2025-09-19 09:01:26,PS,0.6458431482315063,1169,689,127,61,176.03
2025-09-19 09:01:26,PS_count,4,,,,,
2025-09-19 09:01:29,PS,0.851168155670166,625,596,68,66,133.99
2025-09-19 09:01:29,PS,0.7966634631156921,559,631,106,149,251.35
2025-09-19 09:01:29,PS,0.6489483118057251,1154,538,139,128,266.77
2025-09-19 09:01:29,LDPE,0.6316606402397156,1023,553,97,47,135.04
2025-09-19 09:01:29,PS,0.6252081394195557,687,587,106,58,156.82
2025-09-19 09:01:29,PS,0.5282534956932068,563,539,84,45,122.96
2025-09-19 09:01:29,LDPE,0.49057215452194214,1034,637,126,166,289.25
2025-09-19 09:01:29,PS,0.4292643666267395,634,467,244,230,473.79
2025-09-19 09:01:29,PS_count,6,,,,,
2025-09-19 09:01:29,LDPE_count,2,,,,,
2025-09-19 09:01:32,PS,0.8971402049064636,1165,550,123,107,229.44
2025-09-19 09:01:32,PS,0.8286589980125427,659,594,70,68,137.99
2025-09-19 09:01:32,PS,0.7999657988548279,1029,554,81,33,103.4
2025-09-19 09:01:32,PS,0.7452457547187805,593,571,121,54,161.67
2025-09-19 09:01:32,LDPE,0.6254667043685913,1038,637,133,163,294.48
2025-09-19 09:01:32,PS,0.5033382773399353,597,531,108,39,129.8
2025-09-19 09:01:32,PS,0.4308704733848572,1243,706,53,27,75.66
2025-09-19 09:01:32,PS_count,6,,,,,
2025-09-19 09:01:32,LDPE_count,1,,,,,
2025-09-19 09:01:35,PS,0.8137940168380737,669,582,65,56,120.66
2025-09-19 09:01:35,PS,0.5954769253730774,619,555,102,49,141.39
2025-09-19 09:01:35,PS,0.5124128460884094,584,626,102,149,246.56
2025-09-19 09:01:35,PS_count,3,,,,,
2025-09-19 09:01:37,PS,0.8267074823379517,670,578,68,59,126.68
2025-09-19 09:01:37,PS,0.7897592782974243,618,554,106,49,144.14
2025-09-19 09:01:37,PS,0.4606679677963257,1265,705,27,29,55.96
2025-09-19 09:01:37,PS,0.40232735872268677,586,628,106,144,247.1
2025-09-19 09:01:37,PS_count,4,,,,,
2025-09-19 09:01:40,PS,0.7976188659667969,609,528,101,40,127.12
2025-09-19 09:01:40,PS,0.7590874433517456,613,564,109,53,152.01
2025-09-19 09:01:40,PS,0.7533243298530579,671,587,71,61,131.62
2025-09-19 09:01:40,PS,0.6665673851966858,1230,623,97,190,271.51
2025-09-19 09:01:40,PS_count,4,,,,,
2025-09-19 09:01:43,PS,0.8501672744750977,591,637,126,163,286.62
2025-09-19 09:01:43,PS,0.7634572386741638,598,543,104,41,130.6
2025-09-19 09:01:43,PS,0.6364709138870239,1216,621,125,189,307.41
2025-09-19 09:01:43,PS,0.45733481645584106,723,550,83,47,124.92
2025-09-19 09:01:43,PS_count,4,,,,,
2025-09-19 09:01:46,PS,0.8860144019126892,666,575,69,60,128.69
2025-09-19 09:01:46,PS,0.8217931389808655,611,520,99,39,124.27
2025-09-19 09:01:46,PS,0.7549129128456116,612,556,100,45,134.16
2025-09-19 09:01:46,PS,0.7424854040145874,1163,588,72,91,161.89
2025-09-19 09:01:46,PS,0.49226951599121094,1220,669,118,101,218.34
2025-09-19 09:01:46,PS_count,5,,,,,
2025-09-19 09:01:49,PS,0.8594570755958557,1172,542,110,83,191.1
2025-09-19 09:01:49,PS,0.7850642800331116,640,519,101,42,130.26
2025-09-19 09:01:49,PS,0.7118520140647888,678,579,62,55,116.79
2025-09-19 09:01:49,PS,0.6781728267669678,598,629,100,146,241.66
2025-09-19 09:01:49,PS,0.5355634093284607,1254,547,51,57,107.83
2025-09-19 09:01:49,PS_count,5,,,,,
2025-09-19 09:01:52,PS,0.7815868258476257,673,581,63,57,119.85
2025-09-19 09:01:52,PS,0.7746549844741821,628,520,102,37,122.87
2025-09-19 09:01:52,PS,0.7654573917388916,1151,542,122,86,204.86
2025-09-19 09:01:52,PS,0.5108412504196167,586,627,103,139,239.31
2025-09-19 09:01:52,PS,0.4111607074737549,1254,539,52,64,115.38
2025-09-19 09:01:52,PS_count,5,,,,,
2025-09-19 09:01:54,PS,0.8240098357200623,667,594,65,59,123.85
2025-09-19 09:01:54,PS,0.8119244575500488,608,569,118,53,158.16
2025-09-19 09:01:54,PS,0.7184628248214722,1236,525,86,89,174.97
2025-09-19 09:01:54,PS,0.5555571913719177,1131,545,132,75,199.0
2025-09-19 09:01:54,PS,0.48843348026275635,613,530,111,39,131.59
2025-09-19 09:01:54,PS_count,5,,,,,
2025-09-19 09:01:58,PS,0.7129607200622559,666,548,63,48,109.98
2025-09-19 09:01:58,PS,0.6831321120262146,587,601,108,127,234.23
2025-09-19 09:01:58,PS,0.6073356866836548,1132,546,126,84,205.76
2025-09-19 09:01:58,PS,0.5916836261749268,625,488,97,32,111.43
2025-09-19 09:01:58,PS,0.45201408863067627,1235,523,85,95,179.72
2025-09-19 09:01:58,PS_count,5,,,,,
2025-09-19 09:02:00,PS,0.8471291065216064,708,578,69,66,134.97
2025-09-19 09:02:00,PS,0.7861779928207397,1230,534,98,96,193.99
2025-09-19 09:02:00,PS,0.7848151922225952,1119,558,124,83,202.9
2025-09-19 09:02:00,PS,0.7311177849769592,618,623,118,146,262.51
2025-09-19 09:02:00,PS,0.4668614864349365,821,707,70,25,83.67
2025-09-19 09:02:00,PS_count,5,,,,,
2025-09-19 09:02:04,PS,0.8689835071563721,1208,541,117,95,210.86
2025-09-19 09:02:04,PS,0.5638424754142761,473,706,209,27,150.24
2025-09-19 09:02:04,PS,0.4376554489135742,1074,550,97,49,137.88
2025-09-19 09:02:04,PS,0.4295017123222351,612,700,78,40,111.71
2025-09-19 09:02:04,PS,0.405364453792572,710,583,62,62,124.0
2025-09-19 09:02:04,PS_count,5,,,,,
2025-09-19 09:02:07,PS,0.9028443098068237,1185,551,130,95,222.26
2025-09-19 09:02:07,PS,0.6024227738380432,651,620,118,140,257.06
2025-09-19 09:02:07,PS,0.5934754610061646,1059,652,145,136,280.86
2025-09-19 09:02:07,PS,0.5630775690078735,749,587,58,54,111.93
2025-09-19 09:02:07,PS_count,4,,,,,
2025-09-19 09:02:10,PS,0.9200968742370605,1196,547,116,102,217.55
2025-09-19 09:02:10,PS,0.8430695533752441,704,585,62,65,126.96
2025-09-19 09:02:10,PS,0.638967752456665,656,523,108,40,131.45
2025-09-19 09:02:10,PS_count,3,,,,,
2025-09-19 09:02:13,PS,0.8628782629966736,1192,545,116,114,229.99
2025-09-19 09:02:13,PS,0.8332775831222534,694,583,69,62,130.81
2025-09-19 09:02:13,PS,0.7836489677429199,604,623,107,155,257.57
2025-09-19 09:02:13,PS,0.5724616050720215,651,520,112,40,133.87
2025-09-19 09:02:13,PS,0.4426915645599365,1060,559,100,38,123.29
2025-09-19 09:02:13,PS_count,5,,,,,
2025-09-19 09:02:16,PS,0.9282528758049011,1173,587,130,88,213.92
2025-09-19 09:02:16,PS,0.7968400120735168,692,583,66,62,127.94
2025-09-19 09:02:16,PS_count,2,,,,,
2025-09-19 09:02:19,PS,0.9244688153266907,1177,580,128,101,227.4
2025-09-19 09:02:19,PS,0.8547043800354004,684,602,75,62,136.38
2025-09-19 09:02:19,PS,0.7603145241737366,601,634,106,156,257.18
2025-09-19 09:02:19,PS,0.6780345439910889,635,538,103,39,126.76
2025-09-19 09:02:19,PS,0.5743061900138855,1094,556,92,58,146.1
2025-09-19 09:02:19,PS_count,5,,,,,
2025-09-19 09:02:22,PS,0.9255769848823547,1176,575,133,89,217.6
2025-09-19 09:02:22,PS,0.897472083568573,695,604,71,64,134.82
2025-09-19 09:02:22,PS,0.872238278388977,621,636,134,164,296.49
2025-09-19 09:02:22,PS,0.8500626683235168,1043,637,138,164,300.88
2025-09-19 09:02:22,PS,0.4022577404975891,1256,708,45,24,65.73
2025-09-19 09:02:22,PS_count,5,,,,,
2025-09-19 09:02:24,PS,0.9169222712516785,616,633,134,158,291.01
2025-09-19 09:02:24,PS,0.9151486754417419,1179,574,132,95,223.96
2025-09-19 09:02:24,PS,0.7381442785263062,1041,601,125,89,210.95
2025-09-19 09:02:24,PS,0.5773183107376099,1088,548,97,53,143.4
2025-09-19 09:02:24,PS_count,4,,,,,
2025-09-19 09:02:27,PS,0.7733633518218994,1187,560,117,101,217.41
2025-09-19 09:02:27,PS,0.6738396286964417,696,577,68,67,135.0
2025-09-19 09:02:27,PS,0.47469907999038696,1054,590,129,73,194.08
2025-09-19 09:02:27,PS_count,3,,,,,
2025-09-19 09:02:30,PS,0.7828764915466309,1185,542,121,110,230.74
2025-09-19 09:02:30,PS,0.6000210642814636,686,575,67,61,127.86
2025-09-19 09:02:30,PS,0.5084590911865234,604,635,100,167,258.46
2025-09-19 09:02:30,LDPE,0.4679776430130005,1055,547,98,46,134.28
2025-09-19 09:02:30,PS_count,3,,,,,
2025-09-19 09:02:30,LDPE_count,1,,,,,
2025-09-19 09:02:33,PS,0.8607962727546692,667,594,73,62,134.55
2025-09-19 09:02:33,PS,0.8463463187217712,1187,544,120,114,233.92
2025-09-19 09:02:33,PS,0.7615211606025696,591,631,114,148,259.78
2025-09-19 09:02:33,PS,0.7352319359779358,607,529,97,40,124.58
2025-09-19 09:02:33,PS_count,4,,,,,
2025-09-19 09:02:37,PS,0.8471325635910034,784,689,74,62,135.47
2025-09-19 09:02:37,PS,0.775532066822052,1196,549,110,108,217.99
2025-09-19 09:02:37,LDPE,0.666929304599762,851,663,70,41,107.14
2025-09-19 09:02:37,PS,0.5970435738563538,710,690,68,60,127.75
2025-09-19 09:02:37,PS,0.5375238656997681,716,602,75,60,134.16
2025-09-19 09:02:37,PS,0.536218523979187,668,536,132,45,154.14
2025-09-19 09:02:37,PS,0.500808596611023,632,640,134,158,291.01
2025-09-19 09:02:37,PS_count,6,,,,,
2025-09-19 09:02:37,LDPE_count,1,,,,,
2025-09-19 09:02:40,PS,0.864775538444519,731,600,69,67,135.99
2025-09-19 09:02:40,PS,0.7387486100196838,1199,554,111,104,214.89
2025-09-19 09:02:40,PS,0.6211612820625305,729,690,86,59,142.46
2025-09-19 09:02:40,PS,0.49337273836135864,633,642,109,155,259.96
2025-09-19 09:02:40,PS_count,4,,,,,
2025-09-19 09:02:42,PS,0.9035308361053467,627,645,154,147,300.92
2025-09-19 09:02:42,PS,0.7947421073913574,627,555,103,42,131.54
2025-09-19 09:02:42,PS,0.7810678482055664,1219,547,112,122,233.79
2025-09-19 09:02:42,PS,0.5846948027610779,692,504,229,119,330.16
2025-09-19 09:02:42,PS,0.5561785101890564,843,705,104,29,109.84
2025-09-19 09:02:42,PS_count,5,,,,,
2025-09-19 09:02:45,PS,0.7758868932723999,685,601,77,66,142.58
2025-09-19 09:02:45,PS,0.6089588403701782,1080,564,105,53,149.2
2025-09-19 09:02:45,PS,0.5816720724105835,829,703,94,34,113.07
2025-09-19 09:02:45,PS,0.5463278293609619,642,538,109,42,135.32
2025-09-19 09:02:45,PS_count,4,,,,,
2025-09-19 09:02:48,PS,0.8948205709457397,626,646,152,146,297.94
2025-09-19 09:02:48,PS,0.7047261595726013,635,556,109,42,135.32
2025-09-19 09:02:48,PS_count,2,,,,,
2025-09-19 09:02:51,PS,0.6826887130737305,721,591,71,65,135.87
2025-09-19 09:02:51,PS,0.6039100885391235,1230,678,98,84,181.46
2025-09-19 09:02:51,PS,0.5044716596603394,1266,527,26,71,85.93
2025-09-19 09:02:51,PS,0.4479703903198242,672,525,116,40,136.24
2025-09-19 09:02:51,PS,0.420606791973114,829,707,72,26,86.53
2025-09-19 09:02:51,PS_count,5,,,,,
2025-09-19 09:02:53,PS,0.8639041781425476,758,662,72,113,180.4
2025-09-19 09:02:53,PS,0.8497390747070312,683,594,85,60,142.83
2025-09-19 09:02:53,LDPE,0.6718454360961914,818,683,81,73,153.79
2025-09-19 09:02:53,PS,0.6118955016136169,1235,682,88,76,163.56
2025-09-19 09:02:53,PS,0.5051632523536682,1263,528,31,72,94.49
2025-09-19 09:02:53,PS,0.40309882164001465,1191,599,55,84,135.94
2025-09-19 09:02:53,PS_count,5,,,,,
2025-09-19 09:02:53,LDPE_count,1,,,,,
2025-09-19 09:02:56,PS,0.7831670641899109,645,471,222,220,442.0
2025-09-19 09:02:56,PS_count,1,,,,,
2025-09-19 09:02:59,PS,0.6604318618774414,571,509,87,34,108.77
2025-09-19 09:02:59,PS,0.5524263978004456,666,553,104,55,151.26
2025-09-19 09:02:59,PS,0.4885464906692505,1211,683,135,74,199.9
2025-09-19 09:02:59,PS_count,3,,,,,
2025-09-19 09:03:02,PS,0.7246598601341248,1214,680,130,80,203.96
2025-09-19 09:03:02,PS,0.5468636155128479,1239,526,78,62,139.08
2025-09-19 09:03:02,PS,0.48097729682922363,622,440,210,189,398.45
2025-09-19 09:03:02,PS_count,3,,,,,
2025-09-19 09:03:05,PS,0.7756019830703735,638,580,58,59,117.0
2025-09-19 09:03:05,PS,0.73770672082901,587,525,104,42,132.18
2025-09-19 09:03:05,PS,0.664097249507904,636,451,238,211,448.19
2025-09-19 09:03:05,PS,0.6582207679748535,1254,605,49,53,101.92
2025-09-19 09:03:05,PS,0.5326544642448425,688,573,99,48,137.87
2025-09-19 09:03:05,PS,0.48429208993911743,1258,662,44,115,142.27
2025-09-19 09:03:05,PS_count,6,,,,,
2025-09-19 09:03:07,PS,0.770057737827301,612,619,109,142,248.82
2025-09-19 09:03:07,PS,0.6801272630691528,702,575,60,60,120.0
2025-09-19 09:03:07,PS,0.6184841394424438,654,515,103,37,123.47
2025-09-19 09:03:07,PS,0.48665016889572144,1242,686,74,68,141.87
2025-09-19 09:03:07,PS_count,4,,,,,
2025-09-19 09:03:10,PS,0.759574294090271,604,632,94,170,252.82
2025-09-19 09:03:10,PS,0.7349366545677185,646,518,109,41,133.7
2025-09-19 09:03:10,PS,0.6888337135314941,1241,634,75,169,225.17
2025-09-19 09:03:10,PS,0.6606579422950745,690,574,66,60,125.86
2025-09-19 09:03:10,PS,0.46290016174316406,673,451,225,219,443.96
2025-09-19 09:03:10,LDPE,0.4521145820617676,1239,480,81,203,256.46
2025-09-19 09:03:10,PS_count,5,,,,,
2025-09-19 09:03:10,LDPE_count,1,,,,,
2025-09-19 09:03:13,PS,0.7706979513168335,657,521,111,38,129.89
2025-09-19 09:03:13,PS,0.7687236666679382,705,581,57,56,113.0
2025-09-19 09:03:13,LDPE,0.623008131980896,1241,484,77,187,239.99
2025-09-19 09:03:13,PS,0.4966891407966614,1244,609,68,90,156.46
2025-09-19 09:03:13,PS,0.47322607040405273,615,621,114,148,259.78
2025-09-19 09:03:13,PS,0.4714558720588684,1264,680,30,79,97.37
2025-09-19 09:03:13,PS_count,5,,,,,
2025-09-19 09:03:13,LDPE_count,1,,,,,
2025-09-19 09:03:15,PS,0.8146891593933105,602,604,122,121,243.0
2025-09-19 09:03:15,PS,0.4953685998916626,1243,613,51,95,139.21
2025-09-19 09:03:15,PS,0.4657161235809326,636,511,87,35,110.36
2025-09-19 09:03:15,PS,0.46302276849746704,642,454,232,214,445.64
2025-09-19 09:03:15,PS_count,4,,,,,
2025-09-19 09:03:18,PS,0.7986178994178772,661,463,207,209,416.0
2025-09-19 09:03:18,PS,0.41799700260162354,573,697,56,45,100.4
2025-09-19 09:03:18,PS,0.40691226720809937,670,587,65,80,144.22
2025-09-19 09:03:18,PS_count,3,,,,,
2025-09-19 09:03:21,PS,0.7079882621765137,585,628,107,139,243.91
2025-09-19 09:03:21,PS,0.706714928150177,602,527,95,34,113.67
2025-09-19 09:03:21,PS,0.5864380598068237,647,460,226,209,434.67
2025-09-19 09:03:21,PS,0.44406747817993164,1262,672,36,95,116.96
2025-09-19 09:03:21,PS_count,4,,,,,
2025-09-19 09:03:23,PS,0.8815544843673706,646,470,231,186,414.56
2025-09-19 09:03:23,PS,0.7631363868713379,665,591,67,56,122.51
2025-09-19 09:03:23,PS,0.743596076965332,589,626,115,139,252.86
2025-09-19 09:03:23,PS,0.623809814453125,1229,609,60,97,152.58
2025-09-19 09:03:23,PS_count,4,,,,,
2025-09-19 09:03:26,PS,0.741817057132721,649,461,228,196,422.79
2025-09-19 09:03:26,PS,0.6342273354530334,589,622,108,141,246.8
2025-09-19 09:03:26,PS,0.5971745848655701,1229,609,61,87,145.7
2025-09-19 09:03:26,PS,0.5661835670471191,663,590,65,53,117.39
2025-09-19 09:03:26,PS_count,4,,,,,
2025-09-19 09:03:29,PS,0.8776091933250427,700,659,82,121,199.22
2025-09-19 09:03:29,PS,0.8024587631225586,766,697,97,45,132.14
2025-09-19 09:03:29,PS,0.5818150639533997,1229,607,63,91,151.43
2025-09-19 09:03:29,PS,0.461677610874176,629,653,161,131,290.45
2025-09-19 09:03:29,LDPE,0.45554816722869873,850,664,61,42,101.23
2025-09-19 09:03:29,PS_count,4,,,,,
2025-09-19 09:03:29,LDPE_count,1,,,,,
2025-09-19 09:03:32,PS,0.825946033000946,605,643,124,153,275.48
2025-09-19 09:03:32,PS,0.662921667098999,748,700,103,39,126.76
2025-09-19 09:03:32,PS,0.5343024134635925,1227,602,61,84,143.16
2025-09-19 09:03:32,PS,0.46321046352386475,1256,680,46,80,121.33
2025-09-19 09:03:32,PS,0.4004271626472473,685,460,250,238,487.85
2025-09-19 09:03:32,PS_count,5,,,,,
2025-09-19 09:03:34,PS,0.8103359341621399,719,598,77,66,142.58
2025-09-19 09:03:34,PS,0.7824011445045471,792,684,118,71,183.06
2025-09-19 09:03:34,PS,0.7535837292671204,710,676,75,87,161.55
2025-09-19 09:03:34,PS,0.7100079655647278,672,533,118,43,142.46
2025-09-19 09:03:34,PS,0.615939736366272,619,643,120,154,271.88
2025-09-19 09:03:34,PS,0.539190948009491,1226,602,63,85,146.36
2025-09-19 09:03:34,LDPE,0.4235846996307373,852,663,55,42,96.12
2025-09-19 09:03:34,PS_count,6,,,,,
2025-09-19 09:03:34,LDPE_count,1,,,,,
2025-09-19 09:03:37,PS,0.8807418346405029,693,596,78,67,144.58
2025-09-19 09:03:37,PS,0.8424539566040039,777,685,103,69,168.61
2025-09-19 09:03:37,PS,0.710843563079834,1184,595,146,85,222.8
2025-09-19 09:03:37,PS,0.6159138679504395,1043,617,111,98,208.6
2025-09-19 09:03:37,PS,0.5257983803749084,709,681,59,76,133.93
2025-09-19 09:03:37,PS,0.5216248631477356,604,647,102,144,242.39
2025-09-19 09:03:37,PS,0.40242230892181396,1086,691,153,58,188.4
2025-09-19 09:03:37,PS_count,7,,,,,
2025-09-19 09:03:40,PS,0.8952457308769226,697,596,73,66,138.82
2025-09-19 09:03:40,PS,0.8490031361579895,767,685,103,70,169.82
2025-09-19 09:03:40,PS,0.7374699711799622,1206,575,137,111,246.63
2025-09-19 09:03:40,PS,0.6482850313186646,609,645,109,148,254.02
2025-09-19 09:03:40,PS,0.5612705945968628,1057,620,111,77,184.9
2025-09-19 09:03:40,PS_count,5,,,,,
2025-09-19 09:03:43,PS,0.9027652144432068,794,683,95,74,167.69
2025-09-19 09:03:43,PS,0.6715178489685059,1144,609,77,70,146.83
2025-09-19 09:03:43,PS,0.6487022042274475,680,637,179,165,343.71
2025-09-19 09:03:43,PS,0.5587581396102905,1062,617,122,66,179.47
2025-09-19 09:03:43,PS,0.5386798977851868,1062,572,89,37,114.77
2025-09-19 09:03:43,PS_count,5,,,,,
2025-09-19 09:03:46,PS,0.8603294491767883,798,683,103,74,174.61
2025-09-19 09:03:46,PS,0.8156168460845947,1070,616,123,68,182.91
2025-09-19 09:03:46,PS,0.756145715713501,1150,606,71,65,135.87
2025-09-19 09:03:46,PS,0.625366747379303,1211,581,121,88,206.38
2025-09-19 09:03:46,PS,0.6144891977310181,1069,572,91,36,114.47
2025-09-19 09:03:46,PS,0.4689371585845947,651,639,111,161,267.36
2025-09-19 09:03:46,PS_count,6,,,,,
2025-09-19 09:03:48,PS,0.4762316346168518,586,531,102,52,145.66
2025-09-19 09:03:48,PS,0.4232487678527832,650,587,52,62,113.56
2025-09-19 09:03:48,PS_count,2,,,,,
2025-09-19 09:03:51,PS,0.7974095344543457,728,588,62,56,117.85
2025-09-19 09:03:51,PS,0.7488158941268921,638,627,108,143,248.55
2025-09-19 09:03:51,PS,0.6909652948379517,1182,559,128,117,244.75
2025-09-19 09:03:51,PS,0.6038593649864197,1060,638,171,164,334.93
2025-09-19 09:03:51,PS_count,4,,,,,
2025-09-19 09:03:54,PS,0.8927230834960938,1050,640,147,159,305.76
2025-09-19 09:03:54,PS,0.7538004517555237,659,640,156,157,313.0
2025-09-19 09:03:54,PS,0.4193301200866699,1188,561,126,131,256.95
2025-09-19 09:03:54,PS_count,3,,,,,
2025-09-19 09:03:57,PS,0.8205966949462891,1213,571,125,115,239.79
2025-09-19 09:03:57,PS,0.65636146068573,718,579,63,63,126.0
2025-09-19 09:03:57,PS_count,2,,,,,
2025-09-19 09:03:59,PS,0.8705542087554932,700,598,73,63,135.63
2025-09-19 09:03:59,PS,0.7987818121910095,1136,604,66,71,136.91
2025-09-19 09:03:59,PS,0.6843417882919312,614,634,124,150,272.76
2025-09-19 09:03:59,PS,0.6344004273414612,1051,609,125,82,202.48
2025-09-19 09:03:59,PS,0.4479011297225952,1191,579,118,97,213.97
2025-09-19 09:03:59,PS_count,5,,,,,
2025-09-19 09:04:02,PS,0.867704451084137,1052,637,145,164,308.42
2025-09-19 09:04:02,PS,0.8249487280845642,681,606,72,60,131.45
2025-09-19 09:04:02,PS,0.8175525069236755,610,637,134,163,295.58
2025-09-19 09:04:02,PS,0.7550275325775146,1185,565,127,119,245.87
2025-09-19 09:04:02,PS_count,4,,,,,
2025-09-19 09:04:05,PS,0.8478831052780151,678,596,80,67,146.42
2025-09-19 09:04:05,PS,0.8263791799545288,1180,571,133,120,252.67
2025-09-19 09:04:05,PS,0.7603754997253418,619,536,85,41,118.07
2025-09-19 09:04:05,PS,0.7029971480369568,1040,606,115,89,202.34
2025-09-19 09:04:05,PS,0.6310780644416809,618,635,133,170,300.73
2025-09-19 09:04:05,PS_count,5,,,,,
2025-09-19 09:04:08,PS,0.9169764518737793,1172,585,133,94,223.62
2025-09-19 09:04:29,LDPE,0.900070071220398,1060,518,137,118,254.29
2025-09-19 09:04:29,LDPE,0.8260468244552612,783,685,181,68,221.88
2025-09-19 09:04:29,LDPE,0.7608163952827454,1145,673,166,93,248.5
2025-09-19 09:04:29,LDPE,0.699641227722168,598,426,233,198,429.58
2025-09-19 09:04:29,PS,0.6655671000480652,406,697,144,46,162.78
2025-09-19 09:04:29,PS,0.6481167078018188,543,483,85,33,105.92
2025-09-19 09:04:29,PS,0.534026026725769,591,672,192,95,270.11
2025-09-19 09:04:29,LDPE,0.5031009912490845,1108,608,89,68,155.59
2025-09-19 09:04:29,LDPE,0.42961806058883667,1183,564,123,119,241.97
2025-09-19 09:04:29,LDPE_count,6,,,,,
2025-09-19 09:04:29,PS_count,3,,,,,
2025-09-19 09:04:31,PS,0.82343989610672,497,671,119,98,215.98
2025-09-19 09:04:31,LDPE,0.7577693462371826,596,430,234,166,394.18
2025-09-19 09:04:31,LDPE,0.6685652732849121,1060,517,143,121,263.08
2025-09-19 09:04:31,LDPE,0.6608103513717651,800,695,163,49,178.74
2025-09-19 09:04:31,LDPE,0.5142143964767456,1152,673,151,93,237.01
2025-09-19 09:04:31,PS,0.4850543737411499,539,479,84,33,105.3
2025-09-19 09:04:31,LDPE,0.42036306858062744,1182,564,121,123,243.99
2025-09-19 09:04:31,PS_count,2,,,,,
2025-09-19 09:04:31,LDPE_count,5,,,,,
2025-09-19 09:04:34,PS,0.8392244577407837,713,619,78,67,144.58
2025-09-19 09:04:34,LDPE,0.8318219780921936,692,513,241,138,364.74
2025-09-19 09:04:34,LDPE,0.7563707232475281,1065,518,144,123,266.17
2025-09-19 09:04:34,LDPE,0.7256481051445007,1121,675,203,87,265.79
2025-09-19 09:04:34,PS,0.6534979939460754,730,683,66,73,138.82
2025-09-19 09:04:34,LDPE,0.4372880458831787,1043,601,116,92,206.61
2025-09-19 09:04:34,LDPE,0.4367442727088928,1181,566,125,117,241.87
2025-09-19 09:04:34,PS_count,2,,,,,
2025-09-19 09:04:34,LDPE_count,5,,,,,
2025-09-19 09:04:37,PS,0.863611102104187,715,617,77,67,143.65
2025-09-19 09:04:37,LDPE,0.7313567399978638,1053,516,147,116,261.17
2025-09-19 09:04:37,PS,0.6750911474227905,731,683,83,73,155.68
2025-09-19 09:04:37,LDPE,0.618358314037323,692,489,259,188,441.33
2025-09-19 09:04:37,LDPE,0.4108908176422119,1128,517,212,224,435.83
2025-09-19 09:04:37,PS_count,2,,,,,
2025-09-19 09:04:37,LDPE_count,3,,,,,
2025-09-19 09:04:42,PS,0.9191648364067078,1174,585,135,92,222.89
2025-09-19 09:04:42,PS,0.8868086934089661,721,617,74,68,141.87
2025-09-19 09:04:42,PS,0.8273043632507324,1036,608,117,86,200.62
2025-09-19 09:04:42,PS,0.8225836157798767,743,682,57,75,130.77
2025-09-19 09:04:42,PS,0.8183228373527527,806,685,69,70,139.0
2025-09-19 09:04:42,PS,0.6281638145446777,650,600,124,64,178.17
2025-09-19 09:04:42,LDPE,0.5500664710998535,856,664,46,37,82.51
2025-09-19 09:04:42,PS,0.5102488994598389,653,553,108,41,133.09
2025-09-19 09:04:42,PS_count,7,,,,,
2025-09-19 09:04:42,LDPE_count,1,,,,,
2025-09-19 09:04:44,PS,0.9139761328697205,1168,581,131,104,233.44
2025-09-19 09:04:44,PS,0.8967652916908264,1035,611,112,87,197.42
2025-09-19 09:04:44,PS,0.8801287412643433,723,623,76,69,144.83
2025-09-19 09:04:44,PS,0.8051750063896179,810,694,79,51,126.95
2025-09-19 09:04:44,PS,0.645652711391449,648,645,136,150,285.66
2025-09-19 09:04:44,PS,0.5701579451560974,754,685,63,69,131.86
2025-09-19 09:04:44,LDPE,0.5137666463851929,851,665,54,36,88.18
2025-09-19 09:04:44,PS_count,6,,,,,
2025-09-19 09:04:44,LDPE_count,1,,,,,
2025-09-19 09:04:47,PS,0.9207847714424133,1168,586,130,93,219.91
2025-09-19 09:04:47,PS,0.8606887459754944,721,621,71,70,141.0
2025-09-19 09:04:47,PS,0.8222847580909729,807,692,77,56,131.33
2025-09-19 09:04:47,PS,0.801776111125946,1034,611,114,85,196.88
2025-09-19 09:04:47,LDPE,0.7082486152648926,850,664,62,38,97.08
2025-09-19 09:04:47,PS,0.5796774625778198,746,685,59,69,127.61
2025-09-19 09:04:47,PS,0.558273434638977,648,603,128,64,181.02
2025-09-19 09:04:47,PS,0.40984803438186646,653,558,111,39,131.59
2025-09-19 09:04:47,PS_count,7,,,,,
2025-09-19 09:04:47,LDPE_count,1,,,,,
2025-09-19 09:04:50,PS,0.8841009736061096,731,598,66,61,126.9
2025-09-19 09:04:50,PS,0.8730720281600952,818,681,73,77,149.95
2025-09-19 09:04:50,PS,0.726865828037262,1034,606,111,87,196.54
2025-09-19 09:04:50,PS,0.6380842924118042,1176,571,128,115,242.65
2025-09-19 09:04:50,PS_count,4,,,,,
2025-09-19 09:04:52,PS,0.8183586001396179,615,645,103,145,244.42
2025-09-19 09:04:52,PS,0.810897171497345,648,531,104,38,125.73
2025-09-19 09:04:52,PS,0.7649959921836853,1047,598,85,57,139.21
2025-09-19 09:04:52,PS,0.7217533588409424,1056,472,97,40,124.58
2025-09-19 09:04:52,PS,0.6264848709106445,709,686,139,68,194.44
2025-09-19 09:04:52,LDPE,0.5750358700752258,1252,640,56,101,150.41
2025-09-19 09:04:52,PS,0.5545173287391663,712,594,62,57,118.89
2025-09-19 09:04:52,HDPE,0.5368386507034302,1036,556,77,40,111.0
2025-09-19 09:04:52,LDPE,0.5166192054748535,616,645,100,144,240.0
2025-09-19 09:04:52,PS,0.45274776220321655,1170,604,115,58,163.34
2025-09-19 09:04:52,PS_count,7,,,,,
2025-09-19 09:04:52,LDPE_count,2,,,,,
2025-09-19 09:04:52,HDPE_count,1,,,,,
2025-09-19 09:04:55,LDPE,0.7295165061950684,1193,670,172,98,259.66
2025-09-19 09:04:55,PS,0.6934887766838074,644,677,56,85,137.99
2025-09-19 09:04:55,PS,0.6823512315750122,640,575,59,58,117.0
2025-09-19 09:04:55,LDPE,0.635980486869812,1085,640,120,156,273.64
2025-09-19 09:04:55,LDPE,0.6110682487487793,1089,546,95,45,130.77
2025-09-19 09:04:55,PS,0.43860602378845215,719,676,70,87,156.08
2025-09-19 09:04:55,LDPE_count,3,,,,,
2025-09-19 09:04:55,PS_count,3,,,,,
2025-09-19 09:04:58,LDPE,0.8406122326850891,1085,652,112,129,240.4
2025-09-19 09:04:58,PS,0.8266104459762573,590,522,96,37,119.2
2025-09-19 09:04:58,PS,0.7391296029090881,639,576,58,46,103.31
2025-09-19 09:04:58,PS,0.66900634765625,687,567,95,50,137.84
2025-09-19 09:04:58,LDPE,0.5337267518043518,1190,670,177,100,266.08
2025-09-19 09:04:58,PS,0.504770040512085,632,444,232,204,435.1
2025-09-19 09:04:58,PS,0.40594297647476196,577,607,108,139,245.05
2025-09-19 09:04:58,LDPE_count,2,,,,,
2025-09-19 09:04:58,PS_count,5,,,,,
2025-09-19 09:05:01,LDPE,0.7832679748535156,1181,651,196,136,326.53
2025-09-19 09:05:01,LDPE,0.7110803127288818,1108,549,112,93,204.12
2025-09-19 09:05:01,PS,0.6518930196762085,595,517,91,35,112.87
2025-09-19 09:05:01,PS,0.5304208993911743,637,471,229,220,448.91
2025-09-19 09:05:01,LDPE_count,2,,,,,
2025-09-19 09:05:01,PS_count,2,,,,,
2025-09-19 09:05:03,PS,0.8631197214126587,1216,544,116,112,227.96
2025-09-19 09:05:03,PS_count,1,,,,,
2025-09-19 09:05:06,PS,0.8541662693023682,618,627,109,168,270.64
2025-09-19 09:05:06,PS,0.8360744714736938,1209,563,118,94,210.64
2025-09-19 09:05:06,PS,0.8101807236671448,619,530,93,38,118.89
2025-09-19 09:05:06,PS,0.6898045539855957,727,575,92,50,135.65
2025-09-19 09:05:06,LDPE,0.6454693675041199,1077,631,132,174,303.1
2025-09-19 09:05:06,PS,0.48912912607192993,671,452,214,166,376.96
2025-09-19 09:05:06,LDPE,0.4701083302497864,794,652,109,131,238.99
2025-09-19 09:05:06,PS_count,5,,,,,
2025-09-19 09:05:06,LDPE_count,2,,,,,
2025-09-19 09:05:10,PS,0.7986772656440735,631,529,100,39,124.9
2025-09-19 09:05:10,PS,0.7842558026313782,623,620,113,159,268.08
2025-09-19 09:05:10,PS,0.7399379014968872,1208,564,116,94,208.84
2025-09-19 09:05:10,PS,0.5380100607872009,675,449,215,179,392.35
2025-09-19 09:05:10,LDPE,0.5074127316474915,1075,634,131,167,295.82
2025-09-19 09:05:10,PS_count,4,,,,,
2025-09-19 09:05:10,LDPE_count,1,,,,,
2025-09-19 09:05:13,PS,0.833094596862793,665,498,219,195,413.3
2025-09-19 09:05:13,PS,0.6530188918113708,1213,554,117,110,226.89
2025-09-19 09:05:13,PS_count,2,,,,,
2025-09-19 09:10:47,LDPE,0.8482452034950256,663,499,212,141,345.79
2025-09-19 09:10:47,LDPE,0.7597150802612305,1021,516,225,165,385.36
2025-09-19 09:10:47,LDPE,0.6365112066268921,608,612,70,88,156.97
2025-09-19 09:10:47,LDPE,0.6222002506256104,1148,655,263,130,369.81
2025-09-19 09:10:47,LDPE_count,4,,,,,
2025-09-19 09:10:50,LDPE,0.875766932964325,665,497,211,139,342.51
2025-09-19 09:10:50,LDPE,0.7552193999290466,607,613,70,93,161.37
2025-09-19 09:10:50,LDPE,0.6631773710250854,1026,524,230,174,400.1
2025-09-19 09:10:50,LDPE,0.632457435131073,1150,651,259,137,376.74
2025-09-19 09:10:50,LDPE,0.5589669942855835,669,589,49,52,100.96
2025-09-19 09:10:50,PS,0.5526200532913208,598,702,67,36,98.22
2025-09-19 09:10:50,LDPE_count,5,,,,,
2025-09-19 09:10:50,PS_count,1,,,,,
2025-09-19 09:10:54,PS,0.9055806994438171,1101,574,136,107,241.26
2025-09-19 09:10:54,PS,0.816896915435791,980,619,94,81,174.52
2025-09-19 09:10:54,PS,0.628897488117218,701,597,50,60,109.54
2025-09-19 09:10:54,PS,0.5042926073074341,627,618,107,128,234.06
2025-09-19 09:10:54,PS_count,4,,,,,
2025-09-19 09:10:57,PS,0.9167993664741516,1099,566,130,115,244.54
2025-09-19 09:10:57,PS,0.6058652400970459,484,704,189,31,153.09
2025-09-19 09:10:57,PS,0.6052005290985107,977,614,91,82,172.77
2025-09-19 09:10:57,PS_count,3,,,,,
2025-09-19 09:11:00,PS,0.8859080076217651,1089,561,135,112,245.93
2025-09-19 09:11:00,PS,0.8057488203048706,600,619,80,137,209.38
2025-09-19 09:11:00,PS,0.7585369944572449,1000,551,96,57,147.95
2025-09-19 09:11:00,PS,0.5534301996231079,669,497,200,187,386.78
2025-09-19 09:11:00,PS_count,4,,,,,
2025-09-19 09:11:03,PS,0.777055561542511,668,578,55,57,111.98
2025-09-19 09:11:03,PS,0.6820852756500244,614,529,87,34,108.77
2025-09-19 09:11:03,PS,0.6245904564857483,1140,693,147,53,176.53
2025-09-19 09:11:03,PS,0.6141724586486816,666,472,198,112,297.83
2025-09-19 09:11:03,PS,0.5711363554000854,484,704,180,32,151.79
2025-09-19 09:11:03,PS,0.5591514706611633,610,700,82,40,114.54
2025-09-19 09:11:03,PS,0.5226554870605469,1054,590,58,87,142.07
2025-09-19 09:11:03,PS,0.41546034812927246,1270,688,19,63,69.2
2025-09-19 09:11:03,PS_count,8,,,,,
2025-09-19 09:11:06,PS,0.5507683753967285,665,467,209,112,305.99
2025-09-19 09:11:06,PS,0.5033964514732361,1150,690,150,59,188.15
2025-09-19 09:11:06,PS_count,2,,,,,
2025-09-19 09:11:10,PS,0.7188999652862549,1204,681,150,78,216.33
2025-09-19 09:11:10,PS,0.5786739587783813,1238,514,83,72,154.61
2025-09-19 09:11:10,PS,0.45381492376327515,824,708,102,24,98.95
2025-09-19 09:11:10,PS,0.40168190002441406,1142,578,55,74,127.59
2025-09-19 09:11:10,PS_count,4,,,,,
2025-09-19 09:11:13,PS,0.8547724485397339,547,599,68,69,137.0
2025-09-19 09:11:13,LDPE,0.8041937947273254,1057,532,54,87,137.08
2025-09-19 09:11:13,LDPE,0.6897176504135132,1011,673,215,91,279.75
2025-09-19 09:11:13,PS,0.6543826460838318,439,682,170,75,225.83
2025-09-19 09:11:13,PS,0.5052986145019531,873,481,168,140,306.72
2025-09-19 09:11:13,PS_count,3,,,,,
2025-09-19 09:11:13,LDPE_count,2,,,,,
2025-09-19 09:11:16,PS,0.789417028427124,640,566,111,64,168.57
2025-09-19 09:11:16,LDPE,0.6264394521713257,1021,671,239,98,306.08
2025-09-19 09:11:16,PS,0.4307065010070801,852,538,80,29,96.33
2025-09-19 09:11:16,PS_count,2,,,,,
2025-09-19 09:11:16,LDPE_count,1,,,,,
2025-09-19 09:11:20,PS,0.8150611519813538,639,565,112,61,165.31
2025-09-19 09:11:20,PS,0.5359535813331604,853,543,75,30,94.87
2025-09-19 09:11:20,LDPE,0.5085471868515015,1032,670,243,100,311.77
2025-09-19 09:11:20,PS_count,2,,,,,
2025-09-19 09:11:20,LDPE_count,1,,,,,
2025-09-19 09:11:24,PS,0.6935552954673767,638,560,97,54,144.75
2025-09-19 09:11:24,LDPE,0.6258813738822937,840,587,60,87,144.5
2025-09-19 09:11:24,PS_count,1,,,,,
2025-09-19 09:11:24,LDPE_count,1,,,,,
2025-09-19 09:11:27,LDPE,0.789056122303009,1093,674,151,91,234.44
2025-09-19 09:11:27,PS,0.7125920653343201,884,532,76,28,92.26
2025-09-19 09:11:27,PS,0.5224213004112244,572,569,58,60,117.98
2025-09-19 09:11:27,PS,0.5160287618637085,900,474,135,128,262.91
2025-09-19 09:11:27,PS,0.4844529628753662,638,562,103,54,149.16
2025-09-19 09:11:27,PS,0.4036794900894165,1014,529,150,94,237.49
2025-09-19 09:11:27,LDPE_count,1,,,,,
2025-09-19 09:11:27,PS_count,5,,,,,
2025-09-19 09:11:29,PS,0.8302567005157471,640,565,112,65,170.65
2025-09-19 09:11:29,PS,0.7831798195838928,1009,674,134,92,222.06
2025-09-19 09:11:29,PS_count,2,,,,,
2025-09-19 09:11:32,PS,0.8487920165061951,633,562,105,60,158.75
2025-09-19 09:11:32,LDPE,0.6105079650878906,1174,666,207,108,299.04
2025-09-19 09:11:32,PS,0.579363226890564,855,470,139,117,255.05
2025-09-19 09:11:32,HDPE,0.45546019077301025,495,538,54,31,81.83
2025-09-19 09:11:32,PS,0.45111000537872314,533,514,86,38,114.33
2025-09-19 09:11:32,PS_count,3,,,,,
2025-09-19 09:11:32,LDPE_count,1,,,,,
2025-09-19 09:11:32,HDPE_count,1,,,,,
2025-09-19 09:11:36,PS,0.8707041144371033,578,583,69,69,138.0
2025-09-19 09:11:36,PS,0.8109493851661682,523,529,88,42,121.59
2025-09-19 09:11:36,PS,0.7501983046531677,639,574,109,59,160.39
2025-09-19 09:11:36,PS,0.6882341504096985,903,545,105,103,207.99
2025-09-19 09:11:36,LDPE,0.6289873719215393,1173,667,211,103,294.84
2025-09-19 09:11:36,PS,0.41742199659347534,945,658,233,124,339.95
2025-09-19 09:11:36,PS_count,5,,,,,
2025-09-19 09:11:36,LDPE_count,1,,,,,
2025-09-19 09:11:39,PS,0.8403605818748474,551,625,116,162,274.17
2025-09-19 09:11:39,PS,0.8299204111099243,984,475,177,126,298.68
2025-09-19 09:11:39,PS,0.8252630829811096,552,530,97,39,123.01
2025-09-19 09:11:39,PS,0.7043919563293457,660,578,105,53,149.2
2025-09-19 09:11:39,PS,0.6835626363754272,975,695,100,49,140.0
2025-09-19 09:11:39,PS_count,5,,,,,
2025-09-19 09:11:42,PS,0.9236592650413513,1105,505,143,110,250.84
2025-09-19 09:11:42,PS,0.7859176993370056,1038,696,115,48,148.59
2025-09-19 09:11:42,PS,0.7050403356552124,582,629,116,173,283.32
2025-09-19 09:11:42,PS,0.6232731938362122,596,530,101,39,125.52
2025-09-19 09:11:42,LDPE,0.6023591756820679,1239,676,79,85,163.89
2025-09-19 09:11:42,LDPE,0.5811800956726074,1146,678,147,82,219.58
2025-09-19 09:11:42,LDPE,0.4999382495880127,1215,584,128,116,243.7
2025-09-19 09:11:42,PS_count,4,,,,,
2025-09-19 09:11:42,LDPE_count,3,,,,,
2025-09-19 09:11:45,PS,0.8995006084442139,1117,498,145,115,258.26
2025-09-19 09:11:45,PS,0.8045411109924316,669,576,61,56,116.89
2025-09-19 09:11:45,PS,0.8020419478416443,1034,692,101,54,147.7
2025-09-19 09:11:45,PS,0.7212390303611755,610,524,83,36,109.33
2025-09-19 09:11:45,LDPE,0.7205478549003601,993,535,97,88,184.78
2025-09-19 09:11:45,PS,0.6851111650466919,660,482,212,188,399.28
2025-09-19 09:11:45,PS,0.5926981568336487,463,705,188,29,147.68
2025-09-19 09:11:45,LDPE,0.5902889370918274,1221,580,115,124,238.83
2025-09-19 09:11:45,PS,0.5852745771408081,578,700,59,39,95.94
2025-09-19 09:11:45,PS_count,7,,,,,
2025-09-19 09:11:45,LDPE_count,2,,,,,
2025-09-19 09:11:48,PS,0.8539611101150513,585,517,91,37,116.05
2025-09-19 09:11:48,PS,0.8416637778282166,1096,497,166,120,282.28
2025-09-19 09:11:48,PS,0.7906908988952637,1038,695,107,50,146.29
2025-09-19 09:11:48,PS,0.7420935034751892,979,469,139,122,260.45
2025-09-19 09:11:48,LDPE,0.6158125996589661,1149,672,174,96,258.49
2025-09-19 09:11:48,PS,0.5391181707382202,635,443,234,197,429.41
2025-09-19 09:11:48,LDPE,0.4266691207885742,1216,586,125,107,231.3
2025-09-19 09:11:48,PS_count,5,,,,,
2025-09-19 09:11:48,LDPE_count,2,,,,,
2025-09-19 09:11:51,PS,0.9046074151992798,1096,501,160,119,275.97
2025-09-19 09:11:51,PS,0.8389588594436646,970,474,144,122,265.09
2025-09-19 09:11:51,PS,0.8057655096054077,1047,696,131,48,158.59
2025-09-19 09:11:51,PS,0.727855920791626,609,523,96,35,115.93
2025-09-19 09:11:51,LDPE,0.7072775363922119,1161,674,141,91,226.55
2025-09-19 09:11:51,PS,0.5422362685203552,648,463,222,182,402.01
2025-09-19 09:11:51,LDPE,0.5100099444389343,1096,501,156,120,273.64
2025-09-19 09:11:51,LDPE,0.4357113242149353,1248,675,64,89,150.94
2025-09-19 09:11:51,PS_count,5,,,,,
2025-09-19 09:11:51,LDPE_count,3,,,,,
2025-09-19 09:11:54,PS,0.9227266907691956,1128,496,132,112,243.18
2025-09-19 09:11:54,PS,0.8126473426818848,1001,538,99,89,187.73
2025-09-19 09:11:54,PS,0.804633617401123,1048,692,96,55,145.33
2025-09-19 09:11:54,PS,0.5445578098297119,682,552,59,52,110.78
2025-09-19 09:11:54,PS_count,4,,,,,
2025-09-19 09:11:57,PS,0.9018750786781311,1124,511,119,118,237.0
2025-09-19 09:11:57,PS,0.8059510588645935,590,522,99,37,121.05
2025-09-19 09:11:57,PS,0.7855733036994934,1075,643,50,43,92.74
2025-09-19 09:11:57,PS,0.7288333773612976,638,579,66,50,114.89
2025-09-19 09:11:57,PS,0.6531230211257935,1005,556,101,83,183.12
2025-09-19 09:11:57,PS,0.6317885518074036,1032,657,76,54,128.12
2025-09-19 09:11:57,PS,0.6208273768424988,591,560,112,47,145.11
2025-09-19 09:11:57,PS,0.588782012462616,1119,645,61,57,117.93
2025-09-19 09:11:57,LDPE,0.4924602508544922,1249,677,61,86,144.86
2025-09-19 09:11:57,PS,0.40169936418533325,1015,481,163,134,295.58
2025-09-19 09:11:57,PS_count,9,,,,,
2025-09-19 09:11:57,LDPE_count,1,,,,,
2025-09-19 09:11:59,PS,0.9040905833244324,1119,519,136,118,253.36
2025-09-19 09:11:59,PS,0.9036228060722351,698,569,106,54,151.31
2025-09-19 09:11:59,PS,0.6501710414886475,591,530,99,36,119.4
2025-09-19 09:11:59,PS,0.6350617408752441,693,532,105,38,126.33
2025-09-19 09:11:59,PS,0.4741326570510864,638,451,240,188,424.83
2025-09-19 09:12:00,PS_count,5,,,,,
2025-09-19 09:12:02,PS,0.8757122755050659,1001,561,115,84,196.57
2025-09-19 09:12:02,PS,0.8122793436050415,1122,516,127,114,240.65
2025-09-19 09:12:02,LDPE,0.8106338977813721,1248,678,62,83,143.47
2025-09-19 09:12:02,PS,0.7315737009048462,663,583,68,56,123.42
2025-09-19 09:12:02,PS,0.7249884009361267,606,527,91,35,112.87
2025-09-19 09:12:02,PS,0.7174493670463562,1056,695,118,50,153.62
2025-09-19 09:12:02,PS,0.6896225214004517,660,476,214,135,339.94
2025-09-19 09:12:02,LDPE,0.45883846282958984,1143,644,269,151,403.08
2025-09-19 09:12:02,PS,0.44183552265167236,1011,481,155,129,282.81
2025-09-19 09:12:02,PS_count,7,,,,,
2025-09-19 09:12:02,LDPE_count,2,,,,,
2025-09-19 09:12:05,PS,0.9094219207763672,1131,509,129,116,244.65
2025-09-19 09:12:05,PS,0.8936775326728821,1009,558,111,84,193.12
2025-09-19 09:12:05,PS,0.8221837282180786,1062,694,109,52,150.57
2025-09-19 09:12:05,PS,0.7861365675926208,606,528,100,35,118.32
2025-09-19 09:12:05,PS,0.6839063763618469,662,581,60,58,117.98
2025-09-19 09:12:05,LDPE,0.49147164821624756,1150,639,259,162,409.67
2025-09-19 09:12:05,PS,0.4765297770500183,646,462,230,175,401.25
2025-09-19 09:12:05,PS,0.4348623752593994,607,563,92,44,127.25
2025-09-19 09:12:05,PS,0.4284037947654724,1257,675,43,87,122.33
2025-09-19 09:12:05,PS_count,8,,,,,
2025-09-19 09:12:05,LDPE_count,1,,,,,
2025-09-19 09:12:08,PS,0.9093461036682129,1011,558,107,86,191.85
2025-09-19 09:12:08,PS,0.8661091327667236,1130,508,123,117,239.92
2025-09-19 09:12:08,PS,0.8606283068656921,733,502,109,105,213.96
2025-09-19 09:12:08,PS,0.7711271047592163,1069,692,107,54,152.03
2025-09-19 09:12:08,PS,0.6602476835250854,1017,479,144,127,270.47
2025-09-19 09:12:08,LDPE,0.43638157844543457,1228,581,101,123,222.92
2025-09-19 09:12:08,PS_count,5,,,,,
2025-09-19 09:12:08,LDPE_count,1,,,,,
2025-09-19 09:12:10,PS,0.9111424684524536,733,507,109,114,222.94
2025-09-19 09:12:10,PS,0.8639702200889587,1011,475,152,123,273.47
2025-09-19 09:12:10,PS,0.7999269366264343,1111,525,117,87,201.78
2025-09-19 09:12:10,PS,0.6698063015937805,1065,692,93,53,140.41
2025-09-19 09:12:10,PS,0.4607396125793457,1008,558,83,84,167.0
2025-09-19 09:12:10,PS_count,5,,,,,
2025-09-19 09:12:13,PS,0.867487907409668,1019,466,140,119,258.15
2025-09-19 09:12:13,PS,0.7382484078407288,1011,557,84,74,157.68
2025-09-19 09:12:13,PS,0.7006036043167114,1122,519,142,93,229.83
2025-09-19 09:12:13,PS,0.680912435054779,1033,691,123,58,168.93
2025-09-19 09:12:13,PS,0.6108623147010803,486,707,122,26,112.64
2025-09-19 09:12:13,PS,0.5506502985954285,1042,624,115,88,201.2
2025-09-19 09:12:13,PS,0.5374124646186829,794,620,63,68,130.9
2025-09-19 09:12:13,PS_count,7,,,,,
2025-09-19 09:12:16,PS,0.8810140490531921,1118,542,124,89,210.1
2025-09-19 09:12:16,PS,0.7469371557235718,1031,695,112,49,148.16
2025-09-19 09:12:16,PS,0.7134503722190857,723,594,66,58,123.74
2025-09-19 09:12:16,PS,0.6359493732452393,1238,678,74,81,154.84
2025-09-19 09:12:16,PS,0.5559990406036377,1000,567,96,76,170.83
2025-09-19 09:12:16,PS,0.5087710022926331,657,622,123,138,260.57
2025-09-19 09:12:16,PS,0.46712905168533325,671,538,102,39,126.14
2025-09-19 09:12:16,PS,0.4555596709251404,518,706,179,28,141.59
2025-09-19 09:12:16,PS_count,8,,,,,
2025-09-19 09:12:19,PS,0.8684626817703247,672,502,214,184,396.87
2025-09-19 09:12:19,PS,0.8315790891647339,1014,515,110,69,174.24
2025-09-19 09:12:19,PS,0.8081278800964355,1112,524,139,121,259.38
2025-09-19 09:12:19,PS,0.768077552318573,1042,698,80,44,118.66
2025-09-19 09:12:19,PS,0.6645315885543823,1256,677,48,84,127.0
2025-09-19 09:12:19,PS,0.5933919548988342,988,577,93,86,178.86
2025-09-19 09:12:19,PS,0.4900505542755127,486,705,181,29,144.9
2025-09-19 09:12:19,LDPE,0.4649820327758789,984,705,123,30,121.49
2025-09-19 09:12:19,PS_count,7,,,,,
2025-09-19 09:12:19,LDPE_count,1,,,,,
2025-09-19 09:12:22,PS,0.8797131776809692,1060,552,132,104,234.33
2025-09-19 09:12:22,PS,0.5662094354629517,945,599,86,92,177.9
2025-09-19 09:12:22,PS,0.5434120893478394,660,499,209,181,388.99
2025-09-19 09:12:22,PS,0.48862558603286743,1249,678,62,83,143.47
2025-09-19 09:12:22,PS,0.4429553151130676,948,508,133,136,268.98
2025-09-19 09:12:22,PS_count,5,,,,,
2025-09-19 09:12:25,PS,0.8219147324562073,1110,551,136,104,237.86
2025-09-19 09:12:25,PS,0.7631805539131165,659,470,210,146,350.2
2025-09-19 09:12:25,PS,0.7279161214828491,987,590,81,82,163.0
2025-09-19 09:12:25,PS,0.6701732277870178,662,591,67,57,123.6
2025-09-19 09:12:25,LDPE,0.48369425535202026,1219,597,120,165,281.42
2025-09-19 09:12:25,PS,0.4671083688735962,1209,694,73,51,122.03
2025-09-19 09:12:25,PS,0.4205259084701538,1018,538,100,57,151.0
2025-09-19 09:12:25,PS_count,6,,,,,
2025-09-19 09:12:25,LDPE_count,1,,,,,
2025-09-19 09:12:27,PS,0.9166421890258789,1118,544,139,112,249.54
2025-09-19 09:12:27,PS,0.8167543411254883,993,588,97,83,179.45
2025-09-19 09:12:27,PS,0.6825736165046692,609,633,96,169,254.75
2025-09-19 09:12:27,PS,0.6204785108566284,692,573,60,48,107.33
2025-09-19 09:12:27,LDPE,0.46551036834716797,1143,665,248,110,330.33
2025-09-19 09:12:27,PS,0.436733603477478,1027,537,94,55,143.81
2025-09-19 09:12:27,PS,0.4216633439064026,643,545,89,52,136.06
2025-09-19 09:12:27,PS_count,6,,,,,
2025-09-19 09:12:27,LDPE_count,1,,,,,
2025-09-19 09:12:30,PS,0.6579636931419373,591,525,84,31,102.06
2025-09-19 09:12:30,PS,0.6376942992210388,641,574,56,52,107.93
2025-09-19 09:12:30,PS,0.6216017007827759,637,495,230,185,412.55
2025-09-19 09:12:30,LDPE,0.47460073232650757,1226,597,106,161,261.27
2025-09-19 09:12:30,PS_count,3,,,,,
2025-09-19 09:12:30,LDPE_count,1,,,,,
2025-09-19 09:12:33,PS,0.7889237999916077,643,497,212,182,392.86
2025-09-19 09:12:33,LDPE,0.6042829751968384,1226,593,106,173,270.84
2025-09-19 09:12:33,LDPE,0.48020070791244507,1257,694,45,51,95.81
2025-09-19 09:12:33,PS_count,1,,,,,
2025-09-19 09:12:33,LDPE_count,2,,,,,
2025-09-19 09:12:36,PS,0.6860051155090332,1209,686,139,67,193.01
2025-09-19 09:12:36,PS,0.5338491201400757,1261,526,36,70,100.4
2025-09-19 09:12:36,PS,0.5233620405197144,626,543,93,40,121.98
2025-09-19 09:12:36,PS,0.48773425817489624,680,499,208,96,282.62
2025-09-19 09:12:36,PS_count,4,,,,,
2025-09-19 09:12:39,PS,0.6500012278556824,1213,596,72,84,155.54
2025-09-19 09:12:39,PS,0.6129211783409119,728,529,117,45,145.12
2025-09-19 09:12:39,PS,0.4732874035835266,717,636,191,168,358.26
2025-09-19 09:12:39,PS_count,3,,,,,
2025-09-19 09:12:42,PS,0.7931942343711853,768,585,74,66,139.77
2025-09-19 09:12:42,PS,0.44629496335983276,483,706,149,28,129.18
2025-09-19 09:12:42,PS_count,2,,,,,
2025-09-19 09:12:44,PS,0.8932271599769592,1161,558,90,78,167.57
2025-09-19 09:12:44,PS,0.7645570039749146,669,524,96,36,117.58
2025-09-19 09:12:44,PS,0.7211180329322815,1022,589,58,88,142.88
2025-09-19 09:12:44,PS,0.5516049861907959,483,703,158,33,144.42
2025-09-19 09:12:44,PS,0.5453188419342041,581,700,68,39,103.0
2025-09-19 09:12:44,PS_count,5,,,,,
2025-09-19 09:12:47,PS,0.8737499713897705,734,612,119,119,238.0
2025-09-19 09:12:47,PS,0.8346590399742126,1161,561,87,78,164.75
2025-09-19 09:12:47,PS,0.832915723323822,630,698,79,43,116.57
2025-09-19 09:12:47,LDPE,0.7066732048988342,559,694,106,52,148.49
2025-09-19 09:12:47,PS,0.6920444965362549,822,586,54,53,107.0
2025-09-19 09:12:47,PS,0.4902265667915344,1027,580,51,88,133.99
2025-09-19 09:12:47,LDPE,0.40165871381759644,473,695,83,49,127.55
2025-09-19 09:12:47,PS_count,5,,,,,
2025-09-19 09:12:47,LDPE_count,2,,,,,
2025-09-19 09:12:50,PS,0.8625209331512451,632,700,77,40,111.0
2025-09-19 09:12:50,PS,0.6530844569206238,732,619,114,127,240.65
2025-09-19 09:12:50,PS,0.5782215595245361,817,585,52,56,107.93
2025-09-19 09:12:50,LDPE,0.5568587183952332,528,699,165,42,166.49
2025-09-19 09:12:50,PS,0.4158506989479065,1066,571,48,83,126.24
2025-09-19 09:12:50,PS_count,4,,,,,
2025-09-19 09:12:50,LDPE_count,1,,,,,
2025-09-19 09:12:53,PS,0.5492165088653564,1127,690,109,60,161.74
2025-09-19 09:12:53,PS_count,1,,,,,
2025-09-19 09:12:56,PS,0.7597342729568481,1122,559,128,108,235.15
2025-09-19 09:12:56,PS,0.7146647572517395,606,566,90,57,143.25
2025-09-19 09:12:56,PS,0.45328205823898315,570,623,98,144,237.59
2025-09-19 09:12:56,PS,0.42885589599609375,983,564,90,42,122.96
2025-09-19 09:12:56,PS_count,4,,,,,
2025-09-19 09:12:58,PS,0.9059798717498779,1088,577,143,109,249.7
2025-09-19 09:12:58,PS,0.8042269945144653,609,571,94,56,145.11
2025-09-19 09:12:58,PS,0.5859730839729309,1074,674,156,91,238.29
2025-09-19 09:12:58,PS,0.5646376609802246,958,615,102,95,196.88
2025-09-19 09:12:58,PS,0.5072940587997437,663,600,55,55,110.0
2025-09-19 09:12:58,PS_count,5,,,,,
2025-09-19 09:13:01,PS,0.8655267357826233,1086,583,135,100,232.38
2025-09-19 09:13:01,PS,0.7364474534988403,995,562,98,60,153.36
2025-09-19 09:13:01,LDPE,0.6508175730705261,1075,673,167,94,250.58
2025-09-19 09:13:01,PS,0.5997862219810486,608,631,113,173,279.64
2025-09-19 09:13:01,PS,0.47240084409713745,695,587,54,52,105.98
2025-09-19 09:13:01,PS,0.4178418517112732,962,627,113,108,220.94
2025-09-19 09:13:01,PS_count,5,,,,,
2025-09-19 09:13:01,LDPE_count,1,,,,,
2025-09-19 09:13:04,PS,0.9132817387580872,1088,576,138,115,251.95
2025-09-19 09:13:04,PS,0.80707186460495,514,697,81,45,120.75
2025-09-19 09:13:04,PS,0.7860198020935059,538,607,97,122,217.57
2025-09-19 09:13:04,PS,0.7057147026062012,960,618,104,89,192.42
2025-09-19 09:13:04,PS,0.6866374611854553,571,539,81,48,124.71
2025-09-19 09:13:04,PS,0.6542959809303284,995,562,104,61,159.3
2025-09-19 09:13:04,PS,0.48790377378463745,718,704,127,32,127.5
2025-09-19 09:13:04,LDPE,0.4777120351791382,1078,673,163,94,247.56
2025-09-19 09:13:04,PS_count,7,,,,,
2025-09-19 09:13:04,LDPE_count,1,,,,,
2025-09-19 09:13:07,PS,0.7469468712806702,677,591,54,51,104.96
2025-09-19 09:13:07,PS,0.7423128485679626,591,615,112,122,233.79
2025-09-19 09:13:07,PS,0.605495274066925,1050,613,52,87,134.52
2025-09-19 09:13:07,PS,0.4051017165184021,1185,601,91,83,173.82
2025-09-19 09:13:07,PS_count,4,,,,,
2025-09-19 09:13:10,PS,0.7952920794487,639,579,61,48,108.22
2025-09-19 09:13:10,PS,0.7371101379394531,592,521,89,31,105.05
2025-09-19 09:13:10,PS,0.6990777254104614,565,615,89,115,202.34
2025-09-19 09:13:10,PS,0.5391161441802979,1049,618,53,88,136.59
2025-09-19 09:13:10,PS_count,4,,,,,
2025-09-19 09:13:13,PS,0.7424224019050598,665,584,58,55,112.96
2025-09-19 09:13:13,PS,0.713219940662384,582,626,100,133,230.65
2025-09-19 09:13:13,PS,0.6729711294174194,609,526,90,32,107.33
2025-09-19 09:13:13,PS,0.5394114255905151,1108,695,115,50,151.66
2025-09-19 09:13:13,PS,0.4970605969429016,439,705,192,30,151.79
2025-09-19 09:13:13,PS_count,5,,,,,
2025-09-19 09:13:16,LDPE,0.7235991954803467,1114,667,201,105,290.55
2025-09-19 09:13:16,PS,0.7148977518081665,633,634,119,140,258.15
2025-09-19 09:13:16,PS,0.40221601724624634,465,704,203,31,158.66
2025-09-19 09:13:16,LDPE_count,1,,,,,
2025-09-19 09:13:16,PS_count,2,,,,,
2025-09-19 09:13:19,PS,0.8257771730422974,731,595,60,53,112.78
2025-09-19 09:13:19,PS,0.8068172335624695,681,567,91,52,137.58
2025-09-19 09:13:19,PS,0.6843560934066772,468,704,217,31,164.04
2025-09-19 09:13:19,PS,0.5838293433189392,1180,567,102,119,220.35
2025-09-19 09:13:19,LDPE,0.5474951267242432,1246,626,65,139,190.11
2025-09-19 09:13:19,LDPE,0.48546940088272095,1020,645,134,150,283.55
2025-09-19 09:13:19,PS,0.4221005439758301,656,627,141,131,271.82
2025-09-19 09:13:19,PS,0.40009862184524536,1246,702,66,35,96.12
2025-09-19 09:13:19,PS_count,6,,,,,
2025-09-19 09:13:19,LDPE_count,2,,,,,
2025-09-19 09:13:22,PS,0.8179189562797546,635,640,246,160,396.79
2025-09-19 09:13:22,PS,0.7874345779418945,1172,566,99,114,212.47
2025-09-19 09:13:22,PS,0.6922467350959778,1161,703,112,33,121.59
2025-09-19 09:13:22,PS,0.6918916702270508,1070,668,137,103,237.58
2025-09-19 09:13:22,PS_count,4,,,,,
2025-09-19 09:13:25,PS,0.7850468754768372,627,584,59,66,124.8
2025-09-19 09:13:25,PS,0.7055110931396484,543,613,125,135,259.81
2025-09-19 09:13:25,PS,0.6751009821891785,355,704,141,32,134.34
2025-09-19 09:13:25,LDPE,0.5246084332466125,1256,645,48,117,149.88
2025-09-19 09:13:25,PS,0.4601113200187683,434,697,89,46,127.97
2025-09-19 09:13:25,PS,0.4025723934173584,556,692,181,56,201.36
2025-09-19 09:13:25,PS_count,5,,,,,
2025-09-19 09:13:25,LDPE_count,1,,,,,
2025-09-19 09:13:27,PS,0.7958616018295288,511,629,99,145,239.62
2025-09-19 09:13:27,PS,0.6543938517570496,544,526,100,34,116.62
2025-09-19 09:13:27,LDPE,0.5981222987174988,1238,633,83,137,213.27
2025-09-19 09:13:27,PS,0.4635522961616516,594,583,63,56,118.79
2025-09-19 09:13:27,PS,0.419775128364563,1180,561,102,113,214.72
2025-09-19 09:13:27,PS_count,4,,,,,
2025-09-19 09:13:27,LDPE_count,1,,,,,
2025-09-19 09:13:31,PS,0.7214770317077637,678,589,56,52,107.93
2025-09-19 09:13:31,PS,0.6518728137016296,590,624,131,140,270.85
2025-09-19 09:13:31,PS,0.6219086050987244,1142,693,160,54,185.9
2025-09-19 09:13:31,PS,0.447482705116272,424,706,195,28,147.78
2025-09-19 09:13:31,PS_count,4,,,,,
2025-09-19 09:13:33,PS,0.8849577903747559,1097,587,93,93,186.0
2025-09-19 09:13:33,PS,0.7274750471115112,587,564,105,53,149.2
2025-09-19 09:13:33,PS,0.7035914063453674,1008,561,77,65,141.49
2025-09-19 09:13:33,PS,0.695526659488678,966,603,105,52,147.78
2025-09-19 09:13:33,PS,0.6951289176940918,551,627,109,136,243.51
2025-09-19 09:13:33,PS,0.6855955719947815,638,588,61,53,113.72
2025-09-19 09:13:33,PS,0.4190061092376709,1035,668,240,103,314.45
2025-09-19 09:13:33,PS_count,7,,,,,
2025-09-19 09:13:37,PS,0.9291873574256897,1098,556,136,120,255.5
2025-09-19 09:13:37,LDPE,0.5107358694076538,1063,666,180,106,276.26
2025-09-19 09:13:37,PS,0.46949338912963867,408,707,202,26,144.94
2025-09-19 09:13:37,PS_count,2,,,,,
2025-09-19 09:13:37,LDPE_count,1,,,,,
2025-09-22 11:00:50,LDPE,0.8516730070114136,601,371,233,183
2025-09-22 11:00:50,PS,0.8209767937660217,462,656,202,125
2025-09-22 11:00:50,PS,0.5623336434364319,797,654,249,129
2025-09-22 11:01:08,LDPE,0.8996091485023499,620,356,211,147
2025-09-22 11:01:08,LDPE,0.8933042287826538,665,494,117,83
2025-09-22 11:01:08,PS,0.6910848021507263,471,651,203,135
2025-09-22 11:01:08,PS,0.5040150284767151,814,642,243,154
2025-09-22 11:01:08,LDPE,0.4692554473876953,1261,196,35,171
2025-09-22 11:01:20,LDPE,0.9062367081642151,667,494,122,86
2025-09-22 11:01:20,LDPE,0.8592829704284668,623,357,208,149
2025-09-22 11:01:20,PS,0.7122589945793152,614,613,102,81
2025-09-22 11:01:20,PS,0.7036160826683044,471,650,200,137
2025-09-22 11:01:25,LDPE,0.8867594003677368,602,362,211,159
2025-09-22 11:01:25,PS,0.7393010854721069,457,661,184,117
2025-09-22 11:01:25,LDPE,0.4773979187011719,598,513,100,64
2025-09-22 11:01:25,LDPE,0.46062135696411133,557,451,77,40
2025-09-22 11:01:25,LDPE,0.4589437246322632,729,482,48,84
2025-09-22 11:01:40,PS,0.8550180792808533,418,667,145,105
2025-09-22 11:01:40,LDPE,0.8433127999305725,551,530,80,56
2025-09-22 11:01:40,LDPE,0.8303775191307068,566,394,247,212
2025-09-22 11:01:40,PS,0.7835705280303955,773,641,246,156
2025-09-22 11:01:40,LDPE,0.7574768662452698,696,527,57,101
2025-09-22 11:01:44,LDPE,0.8788184523582458,577,535,68,46
2025-09-22 11:01:44,PS,0.8611409068107605,447,665,197,110
2025-09-22 11:01:44,LDPE,0.4355964660644531,550,496,39,38
2025-09-22 11:01:51,LDPE,0.8575580716133118,636,367,225,163
2025-09-22 11:01:51,PS,0.80291748046875,475,651,199,135
2025-09-22 11:01:51,LDPE,0.45433175563812256,631,490,72,62
2025-09-22 11:01:51,LDPE,0.4106190800666809,759,504,48,82
2025-09-22 11:02:09,PS,0.9124118685722351,476,651,201,136
2025-09-22 11:02:09,LDPE,0.8409562706947327,652,370,250,171
2025-09-22 11:02:09,LDPE,0.8026551008224487,594,475,72,63
2025-09-22 11:02:13,LDPE,0.8910416960716248,646,369,239,178
2025-09-22 11:02:13,LDPE,0.8105014562606812,643,503,74,50
2025-09-22 11:02:13,PS,0.7542863488197327,483,653,199,131
2025-09-22 11:02:13,PS,0.7179856300354004,615,589,136,150
2025-09-22 11:02:17,LDPE,0.8961190581321716,557,516,103,75
2025-09-22 11:02:17,LDPE,0.8762633800506592,947,402,98,71
2025-09-22 11:02:17,LDPE,0.868695080280304,575,375,222,167
2025-09-22 11:02:17,LDPE,0.8580901622772217,977,458,91,42
2025-09-22 11:02:17,PS,0.6753945350646973,420,654,171,129
2025-09-22 11:02:17,LDPE,0.5444110035896301,963,261,317,224
2025-09-28 09:07:05,PS,0.792003333568573,426,592,177,245
2025-09-28 09:07:05,PS,0.7343958616256714,682,685,104,69
2025-09-28 09:07:05,LDPE,0.4573823809623718,17,41,34,83
2025-09-28 09:07:05,PS,0.45364803075790405,646,434,61,89
2025-09-28 09:07:10,PS,0.8654941320419312,435,600,160,233
2025-09-28 09:07:10,LDPE,0.7105992436408997,898,277,62,141
2025-09-28 09:07:10,LDPE,0.4178997874259949,1208,35,37,71
2025-09-28 09:07:10,LDPE,0.4037426710128784,505,284,88,95
2025-09-28 09:07:16,PS,0.8672029972076416,432,598,138,236
2025-09-28 09:07:16,LDPE,0.7790834307670593,48,652,96,135
2025-09-28 09:07:16,LDPE,0.5685932636260986,850,230,60,134
2025-09-28 09:07:16,LDPE,0.5214171409606934,1209,42,35,85
2025-09-28 09:07:22,PS,0.8031525015830994,431,601,120,235
2025-09-28 09:07:22,LDPE,0.6844147443771362,841,257,60,76
2025-09-28 09:07:22,LDPE,0.4408263564109802,52,656,104,128
2025-09-28 09:07:26,PS,0.8648345470428467,436,601,132,236
2025-09-28 09:07:26,LDPE,0.8064310550689697,68,660,136,119
2025-09-28 09:07:26,LDPE,0.48049747943878174,811,198,32,71
2025-09-28 09:07:26,PS,0.44978517293930054,67,59,69,119
2025-09-28 09:07:32,PS,0.8893681168556213,435,600,137,237
2025-09-28 09:07:32,LDPE,0.519872784614563,422,292,76,193
2025-09-28 09:07:32,LDPE,0.4260874390602112,830,258,53,79
2025-09-28 09:07:37,PS,0.49666911363601685,344,677,80,85
2025-09-28 09:07:37,PS,0.471255362033844,443,600,167,238
2025-09-28 09:07:42,PS,0.6603218913078308,428,598,148,240
2025-09-28 09:07:42,PS,0.634867787361145,710,480,135,94
2025-09-28 09:07:42,LDPE,0.40486985445022583,66,165,89,129
2025-09-28 09:07:46,PS,0.6704785227775574,439,598,167,241
2025-09-28 09:07:46,PS,0.5193393230438232,710,435,103,95
2025-09-28 09:07:46,HDPE,0.46709686517715454,707,37,88,39
2025-09-28 09:07:51,PS,0.5393938422203064,441,599,172,239
2025-09-28 09:07:55,PS,0.7371216416358948,417,600,134,240
2025-09-28 09:08:00,PS,0.7036258578300476,412,603,102,231
2025-09-28 09:08:00,PS,0.7022449374198914,594,484,82,140
2025-09-28 09:08:03,PS,0.7705777287483215,837,247,59,68
2025-09-28 09:08:03,PS,0.7688665986061096,418,603,103,233
2025-09-28 09:08:03,PS,0.5413803458213806,593,492,84,147
2025-09-28 09:08:03,LDPE,0.48850321769714355,57,658,115,123
2025-09-28 09:08:56,PS,0.8128840923309326,316,668,85,103
2025-09-28 09:08:56,PS,0.448159396648407,46,658,92,124
2025-09-28 09:09:00,PS,0.8542671799659729,342,675,83,89
2025-09-28 09:09:00,PS,0.6315451264381409,483,601,162,238
2025-09-28 09:09:05,PS,0.8518520593643188,347,674,86,92
2025-09-28 09:09:05,PS,0.7396953701972961,596,615,160,201
2025-09-28 09:09:09,PS,0.9070931673049927,330,671,89,98
2025-09-28 09:09:09,PS,0.8405148386955261,541,536,146,204
2025-09-28 09:09:09,PS,0.7771091461181641,700,674,129,91
2025-09-28 09:09:15,PS,0.9359146952629089,537,536,148,205
2025-09-28 09:09:15,PS,0.89985591173172,325,671,93,98
2025-09-28 09:09:15,PS,0.8222160339355469,695,675,131,90
2025-09-28 09:09:19,PS,0.8627270460128784,342,674,81,91
2025-09-28 09:09:19,PS,0.8602398037910461,579,591,166,209
2025-09-28 09:09:19,PS,0.47658222913742065,463,628,152,181
2025-09-28 09:09:24,PS,0.9240607619285583,546,604,211,231
2025-09-28 09:09:28,PS,0.9001345634460449,506,582,136,260
2025-09-28 09:09:33,PS,0.8430541753768921,476,594,157,249
2025-09-28 09:09:33,LDPE,0.5928352475166321,52,655,104,130
2025-09-28 09:09:33,PS,0.42345887422561646,553,401,46,149
2025-09-28 09:09:33,PS,0.4132891297340393,751,8,83,16
2025-09-28 09:09:36,PS,0.895487368106842,475,589,157,254
2025-09-28 09:09:36,LDPE,0.8489859104156494,51,660,103,118
2025-09-28 09:09:36,PS,0.6542578935623169,552,400,76,129
2025-09-28 09:09:36,LDPE,0.5734158754348755,511,280,94,127
2025-09-28 09:09:36,PS,0.404072105884552,758,665,194,108
2025-09-28 09:15:00,LDPE,0.6834484338760376,459,288,100,143
2025-09-28 09:15:00,LDPE,0.6270971298217773,56,657,108,126
2025-09-28 09:15:00,PS,0.5695971250534058,855,95,41,69
2025-09-28 09:15:00,PS,0.5203182697296143,860,8,130,17
2025-09-28 09:15:06,LDPE,0.7060369253158569,51,656,103,127
2025-09-28 09:15:06,PS,0.6647838354110718,348,674,64,91
2025-09-28 09:15:06,PS,0.6560797691345215,811,672,97,96
2025-09-28 09:15:06,HDPE,0.5602394938468933,973,159,47,89
2025-09-28 09:15:06,PS,0.5327176451683044,483,554,143,205
2025-09-28 09:15:06,PS,0.47036468982696533,733,515,74,108
2025-09-28 09:15:15,PS,0.8172212839126587,488,549,138,199
2025-09-28 09:15:15,LDPE,0.7567620873451233,55,659,110,122
2025-09-28 09:15:15,PS,0.6661872267723083,352,676,76,88
2025-09-28 09:15:20,PS,0.7758758664131165,756,512,72,116
2025-09-28 09:15:20,PS,0.759736180305481,363,679,89,82
2025-09-28 09:15:20,PS,0.551211416721344,782,8,132,17
2025-09-28 09:15:20,PS,0.5334624648094177,485,544,153,193
2025-09-28 09:15:20,PS,0.43662261962890625,1003,162,44,87
2025-09-28 09:15:20,LDPE,0.4085491895675659,53,653,103,131
2025-09-28 09:15:24,PS,0.7898412942886353,368,681,90,78
2025-09-28 09:15:24,PS,0.7212954163551331,944,117,37,66
2025-09-28 09:15:24,PS,0.6727935671806335,487,540,141,189
2025-09-28 09:15:24,LDPE,0.4586246609687805,62,657,125,125
2025-09-28 09:15:29,PS,0.8957863450050354,473,548,126,201
2025-09-28 09:15:29,PS,0.7236208319664001,366,680,89,80
2025-09-28 09:15:29,PS,0.4404899477958679,707,5,104,11
2025-09-28 09:15:29,LDPE,0.4251507520675659,480,265,80,167
2025-09-28 09:15:39,PS,0.7811956405639648,357,684,100,71
2025-09-28 09:15:43,PS,0.808137059211731,356,685,92,69
2025-09-28 09:15:43,PS,0.7507664561271667,932,123,35,74
2025-09-28 09:15:43,LDPE,0.5329660177230835,52,653,104,133
2025-09-28 09:15:43,PS,0.4376946687698364,473,545,155,204
2025-09-28 09:15:43,HDPE,0.4267951250076294,709,5,89,11
2025-09-28 09:15:47,PS,0.7133952975273132,360,685,100,69
2025-09-28 09:15:47,PS,0.5800742506980896,948,125,40,77
2025-09-28 09:15:47,PS,0.5297757387161255,480,541,154,195
2025-09-28 09:15:47,LDPE,0.5129246711730957,60,653,118,134
2025-09-28 09:15:47,HDPE,0.4103900194168091,722,5,98,11
2025-09-28 09:15:52,PS,0.7364278435707092,359,685,96,69
2025-09-28 09:15:52,HDPE,0.512903094291687,965,160,43,87
2025-09-28 09:15:52,PS,0.4962671399116516,473,549,151,203
2025-09-28 09:15:52,LDPE,0.4024999141693115,52,655,100,130
2025-09-28 09:15:56,HDPE,0.6785730719566345,959,150,43,79
2025-09-28 09:15:56,PS,0.5481321811676025,478,551,148,212
2025-09-28 09:15:56,HDPE,0.5117886066436768,753,8,146,17
2025-09-28 09:16:01,PS,0.7777724266052246,360,684,100,72
2025-09-28 09:16:01,PS,0.6099518537521362,485,548,150,204
2025-09-28 09:16:06,PS,0.8073896169662476,943,130,39,71
2025-09-28 09:16:06,PS,0.8051651120185852,362,686,94,68
2025-09-28 09:16:06,LDPE,0.7138096690177917,51,654,101,132
2025-09-28 09:16:06,PS,0.6576188206672668,482,543,152,199
2025-09-28 09:16:06,PS,0.4101608991622925,869,7,142,15
2025-09-28 09:16:10,PS,0.7589685320854187,360,682,87,76
2025-09-28 09:16:10,PS,0.46462374925613403,482,545,146,190
2025-09-28 09:16:14,PS,0.7953523397445679,363,684,97,72
2025-09-28 09:16:14,PS,0.6274778246879578,903,129,34,80
2025-09-28 09:16:14,LDPE,0.5814931988716125,1244,203,67,170
2025-09-28 09:16:14,LDPE,0.48804527521133423,57,651,114,138
2025-09-28 09:16:19,PS,0.8512738943099976,362,683,99,73
2025-09-28 09:16:19,PS,0.7111650705337524,472,550,136,206
2025-09-28 09:16:19,PS,0.5909941792488098,51,658,103,123
2025-09-28 09:16:19,LDPE,0.4651373028755188,477,306,82,121
2025-09-28 09:16:19,LDPE,0.428397536277771,54,659,106,122
2025-09-28 09:16:24,PS,0.8211947083473206,365,685,99,70
2025-09-28 09:16:24,LDPE,0.6802583932876587,479,310,81,120
2025-09-28 09:16:24,PS,0.6771138310432434,466,552,127,206
2025-09-28 09:16:24,PS,0.5101209282875061,909,560,214,253
2025-09-28 09:16:24,LDPE,0.49832069873809814,1247,187,60,192
2025-09-28 09:16:24,LDPE,0.4835057854652405,58,655,114,129
2025-09-28 09:16:24,PS,0.4569031000137329,572,359,90,44
2025-09-28 09:16:28,PS,0.7983608841896057,475,590,138,258
2025-09-28 09:16:28,PS,0.6667398810386658,368,676,84,87
2025-09-28 09:16:33,PS,0.7749677896499634,478,587,135,261
2025-09-28 09:16:33,LDPE,0.7174002528190613,57,657,115,125
2025-09-28 09:16:33,PS,0.6677634716033936,359,675,87,90
2025-09-28 09:36:03,PS,0.6880625486373901,556,581,172,259
2025-09-28 09:36:03,PS,0.6293920874595642,574,427,65,115
2025-09-28 09:36:03,PS,0.4017307758331299,788,507,81,121
2025-09-28 09:36:09,PS,0.7595826387405396,796,479,142,120
2025-09-28 09:36:09,PS,0.751961886882782,517,586,176,261
2025-09-28 09:36:09,PS,0.7258522510528564,559,401,58,116
2025-09-28 09:36:09,LDPE,0.5246767401695251,1247,192,63,183
2025-09-28 09:36:09,PS,0.5221341252326965,996,116,62,96
2025-09-28 09:36:15,PS,0.9016209244728088,557,555,218,239
2025-09-28 09:36:15,LDPE,0.5726897120475769,524,275,96,146
2025-09-28 09:36:15,PS,0.4885786771774292,967,10,89,20
2025-09-28 09:36:24,PS,0.8632831573486328,527,590,234,256
2025-09-28 09:36:24,PS,0.8256027698516846,896,89,38,83
2025-09-28 09:36:24,PS,0.6663067936897278,942,9,163,18
2025-09-28 09:36:24,LDPE,0.4601632356643677,1246,195,65,179
2025-09-28 09:36:30,PS,0.8751019239425659,467,612,132,213
2025-09-28 09:36:30,LDPE,0.6111844778060913,1244,202,70,172
2025-09-28 09:36:30,PS,0.47199732065200806,353,681,100,78
2025-09-28 09:36:34,PS,0.6024264097213745,455,604,157,231
2025-09-28 09:36:34,PS,0.5985585451126099,912,9,207,18
2025-09-28 09:36:35,PS,0.4493905305862427,447,8,53,17
2025-09-28 09:36:35,LDPE,0.4284898042678833,1243,183,72,207
2025-09-28 09:36:39,PS,0.818250834941864,439,604,125,231
2025-09-28 09:36:39,LDPE,0.6385613083839417,1204,41,35,82
2025-09-28 09:36:39,PS,0.573745608329773,921,9,192,18
2025-09-28 09:36:39,PS,0.4991339445114136,61,661,109,118
2025-09-28 09:36:39,PS,0.489962637424469,855,92,37,95
2025-09-28 09:36:39,PS,0.4374319314956665,176,12,188,25
2025-09-28 09:36:43,PS,0.81118243932724,485,591,194,256
2025-09-28 09:36:43,PS,0.8002995848655701,594,489,84,166
2025-09-28 09:36:43,PS,0.5321805477142334,915,8,208,17
2025-09-28 09:36:47,PS,0.8914823532104492,515,586,216,261
2025-09-28 09:36:47,PS,0.5841308832168579,921,9,190,19
2025-09-28 09:36:47,LDPE,0.5132521390914917,1242,182,73,216
2025-09-28 09:36:47,PS,0.4672197103500366,856,88,43,91
2025-09-28 09:36:47,PS,0.4416969418525696,58,660,107,117
2025-09-28 09:36:52,PS,0.8796319961547852,555,573,274,286
2025-09-28 09:36:52,PS,0.6397488117218018,988,103,58,100
2025-09-28 09:36:52,PS,0.6366604566574097,542,375,51,96
2025-09-28 09:36:52,LDPE,0.5959133505821228,521,273,113,128
2025-09-28 09:36:57,PS,0.8576057553291321,541,588,273,257
2025-09-28 09:36:57,LDPE,0.7098479270935059,949,228,95,145
2025-09-28 09:36:57,PS,0.692822277545929,937,118,58,115
2025-09-28 09:36:57,PS,0.4940086007118225,957,9,136,18
2025-09-28 09:37:01,PS,0.8539485335350037,503,579,229,276
2025-09-28 09:37:01,PS,0.732458233833313,696,540,162,184
2025-09-28 09:37:01,PS,0.6451359391212463,62,659,108,118
2025-09-28 09:37:08,PS,0.8047751784324646,854,428,143,122
2025-09-28 09:37:08,PS,0.7543919682502747,573,401,61,140
2025-09-28 09:37:12,PS,0.7050108313560486,613,574,342,286
2025-09-28 09:37:17,PS,0.6937777996063232,610,574,319,280
2025-09-28 09:37:17,PS,0.42298054695129395,190,13,182,27
2025-09-28 09:37:22,PS,0.8789351582527161,612,579,315,271
2025-09-28 09:37:22,PS,0.7780057787895203,718,418,98,103
2025-09-28 09:37:22,PS,0.49818217754364014,178,12,194,25
2025-09-28 09:37:26,PS,0.899742603302002,560,592,236,250
2025-09-28 09:37:26,LDPE,0.5197705626487732,1205,45,34,91
2025-09-28 09:47:08,PS,0.7006282210350037,787,678,170,84
2025-09-28 09:47:08,PS,0.6073780059814453,593,542,210,221
2025-09-28 09:47:08,PS,0.5338284373283386,745,443,89,116
2025-09-28 09:47:13,LDPE,0.6863837838172913,75,658,125,123
2025-09-28 09:47:13,PS,0.6657822132110596,588,533,258,212
2025-09-28 09:47:13,PS,0.5197671055793762,71,659,114,121
2025-09-28 09:47:13,PS,0.46630990505218506,779,446,144,119
2025-09-28 09:47:13,PS,0.4380091428756714,980,58,65,71
2025-09-28 09:47:18,PS,0.5078434348106384,821,467,147,129
2025-09-28 09:47:18,PS,0.4030746817588806,599,518,301,266
2025-09-28 09:47:23,PS,0.6963547468185425,606,561,307,306
2025-09-28 09:47:23,PS,0.4927157759666443,819,662,166,116
2025-09-28 09:47:23,PS,0.43541550636291504,189,12,185,25
2025-09-28 09:47:27,PS,0.8713169097900391,492,579,140,270
2025-09-28 09:47:32,PS,0.8620176911354065,553,530,279,261
2025-09-28 09:47:36,PS,0.8541113138198853,838,654,132,131
2025-09-28 09:47:36,PS,0.8185034990310669,580,544,303,231
2025-09-28 09:47:42,PS,0.8579459190368652,845,650,148,138
2025-09-28 09:47:42,PS,0.6759896278381348,588,529,316,248
2025-09-28 09:47:46,PS,0.7923677563667297,839,664,124,111
2025-09-28 09:47:50,PS,0.7677985429763794,556,590,334,255
2025-09-28 09:47:50,PS,0.6559890508651733,806,669,115,101
2025-09-28 09:47:50,PS,0.4003579616546631,347,676,132,87
2025-09-28 09:47:55,PS,0.7022750377655029,778,672,228,95
2025-09-28 09:47:55,PS,0.6558718085289001,937,10,175,20
2025-09-28 09:47:55,PS,0.43304699659347534,456,586,129,262
2025-09-28 09:48:00,PS,0.9275734424591064,518,590,223,259
2025-09-28 09:48:00,PS,0.5471698641777039,799,667,182,106
2025-09-28 09:48:00,PS,0.45675939321517944,940,9,162,19
2025-09-28 09:48:00,PS,0.428743839263916,55,659,102,122
2025-09-28 09:48:00,PS,0.42490673065185547,176,13,194,26
2025-09-28 09:48:04,PS,0.7855193018913269,513,594,211,248
2025-09-28 09:48:04,PS,0.4581061601638794,940,9,169,18
2025-09-28 09:48:04,PS,0.43398308753967285,173,12,197,25
2025-09-28 09:48:09,PS,0.7964030504226685,795,669,197,102
2025-09-28 09:48:09,PS,0.7804037928581238,510,598,227,243
2025-09-28 09:48:23,PS,0.7210106253623962,529,424,113,169
2025-09-28 09:48:23,PS,0.644445538520813,472,591,189,250
2025-09-28 09:48:23,LDPE,0.4764028787612915,71,181,89,183
2025-09-28 09:48:27,PS,0.7382932901382446,474,594,191,251
2025-09-28 09:48:27,PS,0.7291027903556824,526,435,91,169
2025-09-28 09:48:32,PS,0.8448344469070435,542,433,80,151
2025-09-28 09:48:32,PS,0.459760844707489,890,9,214,18
2025-09-28 09:48:36,PS,0.5484167337417603,498,593,232,248
2025-09-28 09:48:41,PS,0.6410466432571411,565,491,196,220
2025-09-28 09:48:41,LDPE,0.4829047918319702,855,181,72,163
2025-09-28 09:48:41,PS,0.42153066396713257,787,666,130,108
2025-09-28 09:48:46,PS,0.7946566939353943,809,664,125,111
2025-09-28 09:48:46,PS,0.45497971773147583,539,583,283,269
2025-09-28 09:48:50,PS,0.8507120609283447,841,668,120,104
2025-09-28 09:48:50,PS,0.5261096358299255,589,590,268,260
2025-09-28 09:48:55,PS,0.6096479892730713,826,668,167,104
2025-09-28 09:48:55,PS,0.49155378341674805,542,376,55,106
2025-09-28 09:49:00,PS,0.811191201210022,850,668,121,104
2025-09-28 09:49:00,PS,0.7779251933097839,944,17,62,35
2025-09-28 09:49:00,LDPE,0.5563153028488159,1205,44,35,88
2025-09-28 09:49:00,PS,0.48695218563079834,956,79,58,66
2025-09-28 09:49:00,LDPE,0.42290329933166504,76,661,139,117
2025-09-28 09:49:05,PS,0.8595445156097412,841,660,144,119
2025-09-28 09:49:05,PS,0.5044575929641724,934,16,55,33
2025-09-28 09:49:05,PS,0.40088212490081787,546,359,48,97
2025-09-28 09:49:11,PS,0.9188038110733032,811,661,167,118
2025-09-28 09:49:11,PS,0.517681360244751,613,590,205,259
2025-09-28 09:49:11,LDPE,0.5096461772918701,1204,44,33,88
2025-09-28 09:49:11,PS,0.44321900606155396,62,662,95,113
2025-09-28 09:49:15,PS,0.8791695833206177,805,660,174,120
2025-09-28 09:49:15,LDPE,0.5632060766220093,938,205,84,152
2025-09-28 09:49:19,PS,0.9058701992034912,522,589,202,262
2025-09-28 09:49:19,PS,0.8729188442230225,812,663,128,113
2025-09-28 09:49:19,PS,0.5961530804634094,928,10,178,20
2025-09-28 10:01:34,PS,0.6022146344184875,569,576,273,269
2025-09-28 10:01:34,PS,0.5492666363716125,545,413,57,132
2025-09-28 10:01:38,PS,0.539774477481842,757,463,129,111
2025-09-28 10:01:42,PS,0.616086483001709,483,551,158,242
2025-09-28 10:01:42,PS,0.532315194606781,889,8,197,17
2025-09-28 10:01:48,PS,0.6685691475868225,805,665,145,110
2025-09-28 10:01:51,PS,0.9370968341827393,683,640,163,160
2025-09-28 10:01:51,PS,0.44760286808013916,518,294,63,129
2025-09-28 10:01:51,PS,0.43670958280563354,360,595,115,249
2025-09-28 10:01:54,PS,0.9205746650695801,691,627,152,181
2025-09-28 10:01:54,PS,0.6044828295707703,524,230,83,55
2025-09-28 10:01:54,PS,0.4119318723678589,193,13,179,27
2025-09-28 10:01:57,PS,0.8450949788093567,708,627,171,184
2025-09-28 10:02:00,PS,0.8287078738212585,708,628,171,180
2025-09-28 10:02:00,LDPE,0.4692786931991577,1250,196,58,182
2025-09-28 10:02:03,PS,0.8268579840660095,694,630,144,177
2025-09-28 10:02:06,PS,0.8048320412635803,697,630,154,178
2025-09-28 10:02:06,PS,0.6685189604759216,605,335,146,159
2025-09-28 10:02:10,PS,0.5027035474777222,711,201,94,111
2025-09-28 10:02:10,PS,0.448461651802063,189,14,186,28
2025-09-28 10:02:16,PS,0.6030344367027283,552,152,97,58
2025-09-28 10:02:19,PS,0.832377016544342,735,591,224,251
2025-09-28 10:02:19,PS,0.48126596212387085,600,137,84,54
2025-09-28 10:05:29,PS,0.7089409828186035,61,661,104,115
2025-09-28 10:05:29,PS,0.44948774576187134,844,666,127,107
2025-09-28 10:05:29,PS,0.4453185796737671,627,585,268,255
2025-09-28 10:05:29,PS,0.4389529824256897,197,13,165,26
2025-09-28 10:05:29,HDPE,0.4184998869895935,937,10,176,20
2025-09-28 10:05:33,PS,0.6674099564552307,547,420,57,135
2025-09-28 10:05:33,PS,0.5742354989051819,966,125,57,65
2025-09-28 10:05:33,PS,0.5472938418388367,1016,666,77,107
2025-09-28 10:05:33,PS,0.5411564111709595,954,9,115,18
2025-09-28 10:05:33,PS,0.5174765586853027,536,551,124,218
2025-09-28 10:05:36,PS,0.8308665156364441,506,590,154,250
2025-09-28 10:05:36,PS,0.7215560674667358,816,662,104,115
2025-09-28 10:05:40,PS,0.956142783164978,493,588,159,256
2025-09-28 10:05:40,PS,0.7494419813156128,774,673,120,93
2025-09-28 10:05:44,PS,0.679930567741394,778,671,131,98
2025-09-28 10:05:47,PS,0.7898234724998474,773,682,165,76
2025-09-28 10:05:47,PS,0.6901273131370544,572,399,97,49
2025-09-28 10:05:47,PS,0.4918479919433594,488,590,200,254
2025-09-28 10:05:47,PS,0.4726608991622925,932,9,167,19
2025-09-28 10:05:50,PS,0.6487864851951599,488,591,174,254
2025-09-28 10:05:50,HDPE,0.6260122656822205,935,10,174,20
2025-09-28 10:05:50,PS,0.5793581008911133,519,428,52,100
2025-09-28 10:05:50,PS,0.5507651567459106,819,678,74,84
2025-09-28 10:05:53,PS,0.48745810985565186,815,674,93,91
2025-09-28 10:05:53,HDPE,0.45441752672195435,699,6,99,13
2025-09-28 10:05:53,PS,0.4389762282371521,184,12,187,25
2025-09-28 10:05:53,HDPE,0.41208314895629883,926,10,192,20
2025-09-28 10:05:56,HDPE,0.6553796529769897,938,10,168,21
2025-09-28 10:05:56,PS,0.5592713356018066,515,588,193,258
2025-09-28 10:05:56,PS,0.49519842863082886,530,423,53,120
2025-09-28 10:05:59,PS,0.7949429750442505,495,591,165,252
2025-09-28 10:05:59,HDPE,0.5418150424957275,932,10,168,20
2025-09-28 10:05:59,PS,0.4862181544303894,84,115,153,231
2025-09-28 10:06:02,PS,0.9093421101570129,487,595,167,247
2025-09-28 10:06:02,PS,0.8485372066497803,802,675,115,90
2025-09-28 10:06:06,PS,0.9397405385971069,495,597,165,246
2025-09-28 10:06:06,PS,0.8593853116035461,811,674,103,91
2025-09-28 10:06:06,LDPE,0.5910510420799255,1212,67,44,134
2025-09-28 10:06:06,PS,0.40563875436782837,955,668,147,104
2025-09-28 10:06:09,PS,0.8810409903526306,499,596,170,247
2025-09-28 10:06:09,PS,0.7521985769271851,822,680,96,79
2025-09-28 10:06:09,PS,0.5228994488716125,914,564,320,253
2025-09-28 10:06:09,PS,0.46321141719818115,1268,50,24,97
2025-09-28 10:06:12,PS,0.9337859153747559,513,599,178,239
2025-09-28 10:06:12,PS,0.8661202192306519,805,679,111,82
2025-09-28 10:06:12,LDPE,0.48557668924331665,1211,72,51,144
2025-09-28 10:06:15,PS,0.8822726607322693,807,678,104,84
2025-09-28 10:06:15,PS,0.7965912818908691,520,607,198,223
2025-09-28 10:06:15,PS,0.5257700085639954,579,468,96,152
2025-09-28 10:06:18,PS,0.8473333120346069,800,681,114,77
2025-09-28 10:06:18,PS,0.7549136281013489,500,604,163,232
2025-09-28 10:06:18,PS,0.5102581977844238,983,670,94,99
2025-09-28 10:06:18,PS,0.495913565158844,189,13,167,26
2025-09-28 10:06:18,PS,0.47010475397109985,84,113,147,226
2025-09-28 10:06:18,LDPE,0.44599026441574097,53,661,100,117
2025-09-28 10:06:18,PS,0.40024375915527344,1270,42,19,85
2025-09-28 10:06:21,PS,0.801816999912262,804,681,108,77
2025-09-28 10:06:21,PS,0.7976230382919312,514,604,184,229
2025-09-28 10:06:21,PS,0.4353649616241455,56,662,107,115
2025-09-28 10:06:21,PS,0.40794432163238525,189,10,179,21
2025-09-28 10:06:24,PS,0.6453495621681213,352,681,110,77
2025-09-28 10:06:24,LDPE,0.4233739376068115,99,663,181,114
2025-09-28 10:06:27,PS,0.43557679653167725,689,532,130,206
2025-09-28 10:06:32,PS,0.8263890743255615,740,678,114,83
2025-09-28 10:06:35,PS,0.616717517375946,710,614,234,209
2025-09-28 10:06:38,PS,0.794163703918457,482,595,180,242
2025-09-28 10:06:38,LDPE,0.7462603449821472,774,675,118,90
2025-09-28 10:06:41,PS,0.5903080701828003,922,10,190,20
2025-09-28 10:06:41,PS,0.5533050298690796,785,675,108,89
2025-09-28 10:06:44,LDPE,0.7215116620063782,901,493,282,187
2025-09-28 10:06:44,LDPE,0.7046607136726379,828,653,337,134
2025-09-28 10:06:47,PS,0.7876598238945007,715,484,147,107
2025-09-28 10:06:47,PS,0.6270685791969299,924,10,188,21
2025-09-28 10:06:47,PS,0.525765597820282,492,408,64,126
2025-09-28 10:06:47,PS,0.5204095840454102,902,125,63,64
2025-09-28 10:06:47,LDPE,0.5126932859420776,1214,79,51,159
2025-09-28 10:06:47,PS,0.49925100803375244,60,661,111,117
2025-09-28 10:06:51,PS,0.781791090965271,815,672,104,95
2025-09-28 10:06:51,PS,0.6387189030647278,505,587,143,257
2025-09-28 10:06:51,PS,0.5167531371116638,941,10,161,21
2025-09-28 10:06:51,PS,0.490075945854187,630,503,101,134
2025-09-28 10:06:51,LDPE,0.437233030796051,1202,76,36,153
2025-09-28 10:06:55,PS,0.4543916583061218,824,596,193,247
2025-09-28 10:06:55,PS,0.43084168434143066,616,596,116,228
2025-09-28 10:06:55,PS,0.4032471179962158,472,580,148,275
2025-09-28 10:06:55,PS,0.40253156423568726,191,11,173,23
2025-09-28 10:06:59,PS,0.7433809638023376,602,573,92,138
2025-09-28 10:06:59,PS,0.6086949110031128,474,577,141,266
2025-09-28 10:06:59,PS,0.6006378531455994,58,658,103,124
2025-09-28 10:06:59,LDPE,0.5387687683105469,916,292,84,143
2025-09-28 10:06:59,PS,0.4491974711418152,820,21,64,43
2025-09-28 10:07:02,PS,0.8512694835662842,511,576,211,270
2025-09-28 10:07:02,PS,0.7907571196556091,492,408,59,121
2025-09-28 10:07:02,PS,0.5283219218254089,59,658,115,124
2025-09-28 10:07:02,LDPE,0.48889869451522827,459,294,93,128
2025-09-28 10:07:02,PS,0.4392721652984619,916,9,196,18
2025-09-28 10:07:05,PS,0.5944401025772095,747,674,167,92
2025-09-28 10:07:05,PS,0.5412648916244507,486,555,146,254
2025-09-28 10:07:05,LDPE,0.4375305771827698,1202,44,35,88
2025-09-28 10:07:10,PS,0.8594634532928467,918,531,278,231
2025-09-28 10:07:10,LDPE,0.4928780794143677,914,236,90,145
2025-09-28 10:07:10,PS,0.44285064935684204,804,670,153,100
2025-09-28 10:07:10,LDPE,0.41625118255615234,921,530,275,220
2025-09-28 10:07:13,PS,0.7882534861564636,928,530,262,218
2025-09-28 10:07:13,PS,0.6964809894561768,495,582,154,260
2025-09-28 10:07:13,LDPE,0.6041326522827148,918,240,85,149
2025-09-28 10:07:13,PS,0.5352855920791626,801,672,120,95
2025-09-28 10:07:13,PS,0.5270419716835022,55,660,107,119
2025-09-28 10:07:13,PS,0.4575783610343933,931,10,171,20
2025-09-28 10:07:13,PS,0.43181371688842773,899,133,51,60
2025-09-28 10:07:13,LDPE,0.4105457663536072,1205,69,42,139
2025-09-28 10:07:16,PS,0.5853466391563416,645,541,120,136
2025-09-28 10:07:16,PS,0.5170234441757202,933,534,273,224
2025-09-28 10:07:16,PS,0.5166448950767517,177,12,194,24
2025-09-28 10:07:16,PS,0.5097721219062805,60,661,105,118
2025-09-28 10:07:16,LDPE,0.5071965456008911,1205,58,41,116
2025-09-28 10:07:19,PS,0.6573755145072937,938,529,264,246
2025-09-28 10:07:19,PS,0.46053755283355713,526,547,194,212
2025-09-28 10:07:19,PS,0.4565238356590271,801,660,134,119
2025-09-28 10:07:22,PS,0.8514602184295654,804,667,131,105
2025-09-28 10:07:22,PS,0.7465225458145142,933,525,284,233
2025-09-28 10:07:22,PS,0.6796264052391052,944,9,163,19
2025-09-28 10:07:22,PS,0.4403011202812195,187,12,178,24
2025-09-28 10:07:22,PS,0.4230477809906006,557,577,258,279
2025-09-28 10:14:22,PS,0.6419963240623474,421,591,110,255
2025-09-28 10:14:26,PS,0.8572261929512024,453,593,104,243
2025-09-28 10:14:26,PS,0.5478683114051819,523,450,61,116
2025-09-28 10:14:29,PS,0.8699871301651001,480,588,158,251
2025-09-28 10:14:29,PS,0.6348403692245483,535,444,64,113
2025-09-28 10:14:29,PS,0.5997510552406311,765,503,119,104
2025-09-28 10:14:29,PS,0.45782387256622314,625,446,105,130
2025-09-28 10:14:32,PS,0.9010890126228333,450,596,97,240
2025-09-28 10:14:32,PS,0.5878108143806458,543,439,65,133
2025-09-28 10:14:35,PS,0.8341943025588989,448,596,84,239
2025-09-28 10:14:35,PS,0.6839737296104431,777,488,116,106
2025-09-28 10:14:35,PS,0.4690972566604614,643,384,112,43
2025-09-28 10:14:38,PS,0.85897296667099,497,572,178,251
2025-09-28 10:14:42,PS,0.8994080424308777,441,603,80,223
2025-09-28 10:14:42,PS,0.830556333065033,503,565,140,229
2025-09-28 10:14:42,PS,0.7189140319824219,357,673,105,94
2025-09-28 10:14:42,PS,0.6803104281425476,781,670,100,100
2025-09-28 10:14:45,LDPE,0.4379599094390869,643,681,126,77
2025-09-28 10:14:45,LDPE,0.4165332317352295,69,172,93,135
2025-09-28 10:14:48,PS,0.6407961845397949,703,678,149,84
2025-09-28 10:14:48,PS,0.5777873396873474,382,586,149,259
2025-09-28 10:14:51,PS,0.7878478169441223,702,676,181,87
2025-09-28 10:14:51,PS,0.5794621109962463,385,588,164,255
2025-09-28 10:14:54,PS,0.8452975749969482,716,681,173,78
2025-09-28 10:14:54,PS,0.7429476380348206,377,598,155,244
2025-09-28 10:14:54,PS,0.6602147221565247,856,679,55,81
2025-09-28 10:14:54,PS,0.5497435331344604,920,9,191,18
2025-09-28 10:14:54,LDPE,0.5479998588562012,314,287,53,157
2025-09-28 10:14:54,PS,0.4541562795639038,963,678,39,84
2025-09-28 10:14:54,LDPE,0.40379828214645386,70,154,94,149
2025-09-28 10:14:57,PS,0.7595837712287903,583,359,115,55
2025-09-28 10:14:57,PS,0.6047362089157104,486,408,64,126
2025-09-28 10:14:57,PS,0.5666053891181946,382,596,154,247
2025-09-28 10:14:57,PS,0.43303704261779785,969,61,34,121
2025-09-28 10:15:01,PS,0.4652627110481262,548,390,58,106
2025-09-28 10:15:08,PS,0.5102047920227051,554,390,54,140
2025-09-28 10:15:11,PS,0.9222537279129028,608,298,132,57
2025-09-28 10:15:11,PS,0.5310635566711426,411,605,129,229
2025-09-28 10:15:11,LDPE,0.40607750415802,69,171,92,126
2025-09-28 10:15:14,PS,0.8625869154930115,560,357,109,58
2025-09-28 10:15:14,PS,0.7718343734741211,432,606,120,228
2025-09-28 10:15:14,PS,0.7209585905075073,754,677,172,85
2025-09-28 10:15:14,PS,0.6252683997154236,59,659,113,122
2025-09-28 10:15:14,PS,0.4385785460472107,952,117,33,69
2025-09-28 10:15:17,PS,0.8731659054756165,568,355,111,56
2025-09-28 10:15:17,PS,0.7280088663101196,434,602,123,235
2025-09-28 10:15:17,PS,0.6182869076728821,752,673,190,93
2025-09-28 10:15:17,PS,0.49478965997695923,494,384,40,95
2025-09-28 10:15:17,LDPE,0.4768868088722229,1204,49,34,98
2025-09-28 10:15:17,PS,0.4088134765625,60,658,112,124
2025-09-28 10:15:21,PS,0.8664510250091553,569,358,108,56
2025-09-28 10:15:21,PS,0.7757489681243896,435,605,117,229
2025-09-28 10:15:21,PS,0.7458016276359558,749,676,198,87
2025-09-28 10:15:21,PS,0.5490193367004395,496,386,40,90
2025-09-28 10:15:21,PS,0.4690207242965698,63,654,115,129
2025-09-28 10:15:24,PS,0.9337998628616333,602,361,125,56
2025-09-28 10:15:24,PS,0.7597768902778625,435,603,118,234
2025-09-28 10:15:24,PS,0.6028875112533569,944,526,263,231
2025-09-28 10:15:24,PS,0.600500762462616,759,674,181,92
2025-09-28 10:15:24,PS,0.5955222845077515,63,654,111,131
2025-09-28 10:15:24,PS,0.5296473503112793,996,83,40,157
2025-09-28 10:15:27,PS,0.9092738032341003,594,371,120,56
2025-09-28 10:15:27,PS,0.7768262028694153,757,680,167,79
2025-09-28 10:15:27,PS,0.5311498641967773,993,89,40,168
2025-09-28 10:15:27,PS,0.5303778648376465,437,605,118,230
2025-09-28 10:15:27,PS,0.4082227349281311,944,531,255,233
2025-09-28 10:15:30,PS,0.7137898206710815,774,681,161,78
2025-09-28 10:15:30,PS,0.45266294479370117,933,10,167,20
2025-09-28 10:15:30,PS,0.43193650245666504,188,12,183,25
2025-09-28 10:15:33,PS,0.762051522731781,933,546,299,261
2025-09-28 10:15:33,PS,0.7151676416397095,783,680,151,80
2025-09-28 10:15:33,PS,0.7144138216972351,440,623,113,192
2025-09-28 10:15:37,PS,0.8390587568283081,590,327,114,58
2025-09-28 10:15:37,PS,0.42554497718811035,444,624,106,189
2025-09-28 10:15:40,PS,0.67879319190979,595,337,111,59
2025-09-28 10:15:40,PS,0.622409999370575,761,684,184,72
2025-09-28 10:15:40,PS,0.529187023639679,441,608,102,219
2025-09-28 10:15:40,PS,0.46150583028793335,929,553,298,271
2025-09-28 10:15:43,PS,0.8917416334152222,552,364,112,59
2025-09-28 10:15:43,PS,0.7596480250358582,440,606,114,227
